,score
00,0.00018574550533242417
00000,0.0
01,8.0442868263991e-05
02,0.0
02t16,0.0
03,0.0
04,0.0
04t22,0.0
05,0.0
06,5.280277473404484e-05
07,0.0
08,3.7722275873634615e-05
09,0.0
0980117407206811822af4742f21e3b0,0.0
09t,0.0
0_,0.0
0a,0.0
0b,0.0
0c,0.0
0d,0.0
0e,0.0
0f,0.0
0g,0.0
0h,0.0
0i,0.0
0j,0.0
0k,0.0
0l,0.0
0m,0.0
0n,0.0
0o,0.0
0p,0.0
0q,3.405066337785399e-05
0r,0.0
0s,0.0
0t,0.0
0u,0.0
0ut,0.0
0v,0.0
0w,0.0
0x,0.0
0y,0.0
0z,0.0
10,0.0002827830886817275
100,0.0
100k,3.8079657001015447e-05
10k,0.0
11,0.00025331303638781406
12,0.00019303922518577285
121,0.0
13,0.0
134,0.0
137,0.0
14,0.0
145,0.0
150,0.0
153,0.0
154,0.0
158,0.0
158366,0.0
16,0.0
164,0.0
16mhz,0.0
16ã,6.928260568415019e-05
17,0.0
172,0.0
179,0.0
18,0.00028171475905072724
181,0.0
1872,0.0
189,0.0
19,0.00015570632057868635
195,0.0
1994,0.0
1995,0.0
1999,0.0
1_,0.0
1a,0.0
1b,0.0
1c,0.0
1d,0.0
1e,0.0
1ec,0.0
1f,0.0
1fb,0.0
1g,0.0
1h,0.0
1h4,0.0
1i,0.0
1j,0.0
1k,0.0
1l,0.0
1m,0.0
1mzl,0.0
1n,0.0
1o,0.0
1p,0.0
1q,0.0
1r,0.0
1s,0.0
1t,0.0
1u,0.0
1v,0.0
1w,0.0
1x,0.0
1x7,0.0
1y,0.0
1z,0.0
2012,0.0
2014,0.0
2015,7.604612706635986e-05
2016,0.00027898485964518807
2017,0.0
2019,0.0
2020,0.0002911174634297758
2022,9.906624569350209e-05
207,0.00031448944308056946
20t15,0.0
21,0.0
210,5.298137998834409e-05
216,0.0
22,0.0
228,0.0
23,0.0
24,0.0
240,0.0
242,0.0
243,0.0
25,7.561440093788416e-05
250,0.0
255,0.0
256,0.00015115970706431941
26,0.0
267,0.0
27,0.0
271,0.0
274,0.0
277,0.0
278,0.0
28,0.0
29,0.0
2_,0.0
2a,0.0
2b,0.0
2c,0.0
2d,0.0
2e,0.0
2f,0.0
2g,0.0
2h,0.0
2i,0.0
2j,3.927543701796052e-06
2k,0.0
2l,0.0
2m,0.0
2n,0.0
2o,0.0
2p,0.0
2q,0.0
2r,0.0
2s,2.5135135135135093e-05
2t,0.0
2u,0.0
2v,0.0
2w,0.0
2x,0.0
2y,0.0
2z,0.0
30,0.00043556727200775284
30t22,0.0
31,0.0
31t11,0.0
32,0.0
328,0.0
33,0.0
330k,0.0
333,0.0
3390,0.000205070925813552
34,0.0
34a5,0.0
35,0.0
35v,0.0
36,0.0
369,0.00018331665235655432
37,0.0
370,0.0
38,0.0
385,0.0
389,0.0
39,0.0
3_,0.0
3a,0.0
3b,0.0
3c,0.0
3d,0.00012528685570106925
3e,0.0
3f,0.0
3g,0.0
3h,0.0
3i,0.0
3j,0.0
3k,0.0
3l,0.0
3m,0.0
3n,0.0
3o,0.0
3p,0.0
3q,0.0
3r,0.0
3rf,0.0
3s,0.0
3t,0.0
3u,0.0
3v,0.0
3w,0.0
3x,0.0
3y,0.0
3z,0.0
40,0.0
400,0.0
40a9cdf7,0.0
41,0.0
42,0.0
423b,0.0
425,0.0
426,0.00010205494353355349
428,0.0
43,5.6452107749892614e-05
44,0.00013130325663075044
444,0.0
45,0.0
453,0.0
456,0.0
46,0.0
47,0.0
470,0.0
48,0.0
480,0.0
482d,0.0
49,0.0
498,0.0
4_,0.0
4a,0.00012252561821194101
4b,0.0
4c,0.0
4d,0.0
4e,0.0
4f,0.0
4g,0.0
4h,0.0
4i,0.0
4j,0.0
4k,0.0
4l,0.0
4m,0.0
4n,1.641092324149661e-05
4o,0.0
4oo,0.0
4p,0.0
4q,0.0
4r,0.0
4s,0.0
4t,0.0
4u,0.0
4v,0.00010795681727309075
4w,0.0
4x,0.0
4y,0.0
4z,0.0
50,0.00020040227285977126
500,0.0
508,0.0
51,0.0
516,0.0
519900098,0.0
52,0.0
528,0.0
53,0.0
530,0.0
537,0.0
54,0.0
546,0.0
547,0.0
549,0.0
55,7.886574942820118e-05
553,0.0
556,0.0
558,0.0
56,0.0
560,0.0
561,0.0
564,0.0
57,0.0
574,0.0
578,0.0
58,0.0
580,0.0
59,0.0001162163100534816
593,0.0
594,0.0
5_,0.0
5a,0.0
5b,0.0
5c,0.0
5d,0.0
5d20892493bfdb11914a8590d31508c8,0.0
5e,0.0
5f,0.0
5g,0.0
5h,0.0
5i,0.0
5j,0.0
5k,0.0
5l,0.0
5m,0.0
5n,0.0
5o,0.0
5p,0.0
5q,0.0
5r,0.0
5s,0.0
5t,0.0
5u,0.0
5v,0.0
5w,0.0
5x,0.0
5y,0.0
5yhm,0.0
5z,0.0
60,0.00014887238616513522
6000,0.0
602,0.0
61,0.0
611,0.0
612,0.0
6182,0.0
62,0.0
620,0.0
625,0.0
627,0.0
63,0.0
630,0.0
636,0.0
63v,0.0
64,0.0
642,0.0
643,0.0
645,0.0
65,0.0
652eb3945ad3,0.0
65568,0.0
66,0.0
667,0.0
67,0.0
677,0.0
678,0.0
68,0.0
69,0.0
695,0.0
6_,0.0
6a,0.0
6b,0.0
6c,0.0
6d,0.0
6e,0.0
6f,0.0
6g,0.0
6h,0.0
6i,0.0
6j,0.0
6k,0.0
6l,0.0
6m,0.0
6mb,0.0
6n,0.0
6o,0.0
6p,0.0
6q,0.0
6r,0.0
6s,0.0
6t,6.51241679113371e-05
6u,0.0
6v,0.0
6w,0.0
6x,0.0
6y,0.0
6z,0.0
6橍yjc,0.0
70,0.0
707,0.0
71,0.0
712,0.0
72,0.0
722,0.0
728,0.0
729,0.0
73,7.15421303656598e-05
74,0.0
740ca17e3320,0.0
75,7.210238538724989e-05
750,3.168590327171899e-05
76,0.0
77,0.0
778,0.00012424310265595886
78,0.0
7805,0.0
79,0.00015456822392839343
792,0.0
7_,0.0
7a,0.0
7b,0.0
7c,0.0
7d,0.0
7e,0.0
7f,0.0
7g,0.0
7h,0.0
7i,0.0
7j,0.0
7k,0.0
7l,0.0
7m,0.0
7n,0.0
7o,0.0
7p,0.0
7q,0.0
7r,0.0
7s,0.0
7t,0.0
7u,0.0
7v,0.0
7w,0.0
7x,0.0
7y,0.0
7z,0.0
7ں,0.0
80,0.00012398593736985948
805,0.0
81,0.0
82,0.0
82a6,0.0
83,0.0
833,0.0
84,0.0
85,0.0
86,6.100956186983278e-05
87,0.0001291616234160845
88,0.0
88877dc8,0.0
889,0.0
89,0.0
8_,0.0
8a,0.0
8asnd,0.0
8b,0.0
8c,0.0
8d,0.0
8e,0.0
8f,0.0
8g,0.0
8h,0.0
8i,0.0
8j,0.0
8k,0.0
8l,0.0
8m,0.0
8n,0.0
8o,0.0
8od,0.0
8odddd,0.0
8p,0.0
8q,0.0
8r,0.0
8s,0.0
8t,0.0
8u,0.0
8v,0.0
8w,0.0
8x,0.0
8y,0.0
8z,0.0
8ډ,0.0
90,0.00010147811002027088
91,0.0
92,0.0
93,0.0
94,0.0
944,0.0
95,0.0
96,0.0
97,0.0
98,0.0
987,0.0
99,0.0
9_,0.0
9a,0.0
9b,0.0
9c,0.0
9d,0.0
9e,4.0777609839995905e-05
9f,0.0
9g,0.0
9h,0.0
9i,0.0
9ignґ,0.0
9j,0.0
9k,0.0
9l,0.0
9m,0.0
9n,0.0
9o,7.13624950442712e-05
9p,0.0
9q,0.0
9qs,0.0
9r,0.0
9s,0.0
9t,0.0
9u,0.0
9v,0.0
9w,0.0
9x,0.0
9y,0.0
9z,0.0
_0,0.0
_1,0.0
_2,0.0
_3,0.0
_4,0.0
_5,0.0
_6,0.0
_7,0.0
_8,0.0
_9,0.0
__,0.0
_a,0.0
_b,0.0
_c,0.0
_d,0.0
_e,0.0
_f,0.0
_fǘ,0.0
_g,0.0
_h,0.0
_i,0.0
_j,0.0
_k,0.0
_l,0.0
_m,0.0
_n,0.0
_o,0.0
_p,0.0
_q,0.0
_r,0.0
_s,0.0
_t,0.0
_u,0.0
_v,0.0
_w,0.0
_x,0.0
_y,0.0
_z,0.0
a0,0.0
a1,0.0
a2,0.0
a3,0.0
a4,0.0
a5,0.0
a6,0.0
a7,0.0
a8,0.0
a9,0.0
a_,0.0
aa,0.0
aaa,0.0
ab,0.0
abandoned,0.0
abcdee,0.0
abide,0.0
able,0.0005272590183287495
about,0.0010582914418060438
absence,0.0
abstract,0.00012999653629270041
ac,0.0
accd,0.0
accept,0.0010021904889737426
acceptable,0.00016637811724050597
acceptance,0.002187891856966162
accepted,0.0
accepting,0.0
accepts,0.00021951455460352784
accessibility,0.0
accomplished,0.0002507800869990232
accomplishes,0.0
accomplishments,0.0
accurate,0.00013796609542824392
accurately,0.0
achieve,0.0005649597226664054
achievements,0.0
acid,0.0
acknowledgments,0.0
act,0.00034961973057428224
acted,0.0
action,0.0007852291544697579
actions,9.009302534603628e-05
acts,0.0003881138541268762
ad,0.0005724641652748041
adapter,0.0
adaptor,0.0
add,0.00029593589863405556
added,0.0
addendum,0.0
adding,9.76933514246947e-05
additionally,0.00019275326251741022
adequate,0.0
adherence,0.0
adhesion,0.0
administering,0.0
administrators,0.0
adobe,0.0001370659152666758
adopted,8.508006668785269e-05
adr,0.0
ads,0.0006135808131243591
advertise,0.0
advertisement,0.0
advertisements,0.0
advertising,0.001536389175437347
advice,0.00026938106846709946
ae,0.0
af,0.0
affect,0.00012393043390389745
affidavit,0.00010623006413410481
africa,0.0
after,0.0
ag,0.0
against,8.60057496436336e-05
agent,1.3585633705948168e-05
agents,0.0
aggregate,0.0
aggrieved,0.0
agile,0.0
agossou,0.0
agree,0.004786090761490344
agreed,0.0027376188784390813
agreeing,0.0004184272153744866
agreement,0.011951641029695174
agreements,0.010779795762264366
agreementâ,0.0
agrees,0.001136445050490169
ah,0.0
ahead,0.00014594696936882898
aia,0.00025973520322145717
aim,5.976426318410712e-05
aimed,0.0
airports,0.0
aisle,0.0
aisles,0.0
aj,0.0
ak,0.0
al,0.0
album,0.0
alerting,0.0
alex,0.0
align,0.0002879747766219055
aligned,0.0
aligning,7.050698866925813e-05
alignment,0.0
aligns,0.0
all,0.002183658270990462
alm,0.0
also,0.0007677210555559688
alt,0.0002510078395232243
alter,0.00016885736816763837
altering,6.559363979294082e-05
alternatives,0.0
although,7.93422493184209e-05
always,0.0003722675746570426
am,0.00023617434569019223
ambassador,0.0
ambiguities,0.0
amended,0.0
amendment,0.00012731729528983143
amendments,0.0
amount,0.0007481507269960706
an,0.0020494756914889397
analysis,0.0001524740481113386
analysts,0.0002879446158465846
analytics,0.00018019318638454158
and,0.002299253216930289
animated,0.0
anime,0.0
announcements,0.00031407159828385385
annual,0.0
another,0.0007654807420859349
anticipatory,0.0
any,0.0010007567997300155
anything,0.00024495106223930966
ao,0.0
ap,0.0
apartment,0.0
apis,0.0
app10186182,0.0
apparel,0.0001311278656701361
appeal,0.0
appealing,0.00024126102136362074
appear,6.701571400578231e-05
appearing,0.00023539502659934068
appendix,0.0
apple,5.084615187077892e-05
appliances,0.0
applicable,0.00045861010884505404
applications,0.00012123465450687074
applied,1.039479210415791e-05
applies,0.0001454767318673748
apply,0.0002822596386621128
applying,0.0
appointment,0.0
appreciate,0.0
approved,9.351284293021247e-05
aq,0.0
ar,0.0
arbitral,0.0
arbitration,0.0
arbitrator,0.0
architect,4.043732215066646e-05
architects,0.0006729858256214236
architectural,0.0006541242706261555
architecture,0.0002350219807814585
archives,0.0
archspec,0.0
are,0.001338230416102373
aren,0.00019466396152759618
arial,7.080447210786129e-05
arise,0.0004943556982879078
arises,0.0
arising,0.0
arrangement,0.00023847133296023642
arrangements,0.00021347293785777362
array,0.0
artist,0.0
as,0.0016195441616502217
ascent,0.0
aside,0.0
aspects,0.0
assemble,0.0
assent,0.0
assessment,0.0
asset,0.0
assetid,0.0
assets,0.0002483012787734017
assign,0.0
assignee,0.0
assigning,0.00017400963170250655
assignment,0.0
assignments,0.0
associated,0.0
assumed,0.00011028650118704236
assumptions,0.00021046083608024994
assurance,0.00011355974866803726
astm,6.243658784047454e-05
at,0.001232322653566589
atmega,0.0
attendance,0.0
attention,0.0038976350004465902
attorney,0.0019577489844699258
attorneys,0.0
attract,0.0010367275269896822
attracted,0.00014997622659451625
attracting,0.0
attractive,0.00021213056748741154
attributes,0.0006162504968597002
au,2.801289401134062e-05
audience,0.003929070447031104
audiences,0.0006096766278588587
audio,0.0
audit,0.0
auditing,0.0
augmented,7.727548901874062e-05
australia,0.0
authentication,7.234961429682908e-05
author,0.0
authorised,0.0
authority,0.0
authorized,0.0005023240886304919
authors,0.0
authorsposition,0.0
auto,0.0
automate,0.0002861450399180554
automatically,3.348115430265309e-05
automating,0.0
automation,6.630099691716378e-05
automobile,0.0001008578060220324
av,0.0
av3,0.0
avoidance,0.0
avoiding,0.0
aw,0.0
awarded,0.0
aware,0.00030380790363181495
awareness,0.0018967189754416113
awesome,0.0003250018324852493
ax,0.0
axiom,0.0
ay,0.0
az,0.0
aâ,0.0
b0,0.0
b0_,0.0
b0z,0.0
b1,0.0
b2,0.0
b2b,0.0
b3,0.0
b4,0.0
b4b,0.0
b5,0.0
b6,0.0
b7,0.0
b8,0.0
b9,0.0
b_,0.0
ba,0.0
bac,0.0
background,0.0
backgrounds,0.0
backlog,0.00015054232774575795
bag,0.0
bags,0.00018693911044144875
bakeries,0.0
band,0.00017690312539290833
bank,0.00014208207554866604
banner,0.0
banners,0.0008948302914995654
bargain,6.216627630725597e-05
bargaining,0.0
bartending,0.0
based,0.0012628891067443847
basefont,0.0
bases,7.170378472622003e-05
basic,0.00042406454253426224
basis,0.0
battery,0.0
bb,0.0
bb4f,0.0
bbb,0.0
bbox,0.0
bbń,0.0
bc,0.0
bcc,0.0
bcq,0.0
bd,0.0
be,0.0015059594827533103
bears,0.0
beautiful,5.785053136784367e-05
beauty,0.0
beb,4.623332004553469e-05
because,0.001483757708165768
becomes,0.00018827249290868426
been,0.0007213883156665658
before,0.00017004747839474626
begin,0.00018633579420885692
beginning,0.0002319901497612689
begins,0.0002016656385564038
behalf,0.0
behind,9.617081206070133e-05
being,0.0004766186637074733
below,0.0003320943117593054
benchmarks,0.0002009219174374132
beneficiaries,0.0
benefit,0.00034056074338932043
best,0.0005826349483678347
better,0.00028732271259890253
between,0.0037651038916345445
beyond,0.0
bf,0.0
bg,0.0
bh,0.0
bi,0.0
bianca,0.0
bid,0.0
bidder,0.0
bidding,0.000358988646055385
big,3.1380602219005405e-06
biggest,4.521957218502761e-05
bilateral,0.00034280879723203527
billboard,0.0003997860140617119
billboards,0.0
billing,0.0
bim,0.0
bind,6.590816767512173e-05
binding,0.006689488803679982
bipolar,0.0
bitspercomponent,0.0
bj,0.0
bjt,6.495564261453113e-05
bjŕ,0.0
bk,0.0
bkph,0.0
bl,0.0
blank,2.3951452876815596e-05
blink,0.0
block,0.00025226251966541785
blog,0.00017195272121130743
blogger,0.0
blogging,0.0
blogs,4.968171085746115e-05
bloomberg,7.166861024953666e-05
blower,0.0
blue,7.196288855994925e-05
blueprint,0.0004912191435854467
bm,0.0
bn,0.0
bnn,0.0
bo,0.0
board,0.0
boat,0.0
bofu,0.0
boilerplate,0.0
bold,0.0
bolditalic,0.0
boldmt,0.0
bona,0.0
book,4.82241331093369e-05
booking,0.0
booklet,3.7092937791895636e-06
booklets,0.00011609591422170861
books,0.00022746331002315828
boost,0.0004692528100918503
boosting,0.0
booth,0.0
borrower,0.0
bot,0.00017367079303857487
both,0.002155027904486735
bottlenecks,0.0
bound,0.00014733641800650227
box,0.0
bp,0.0
bpr,0.0
bpv,0.0
bq,0.0
br,0.0
brand,0.007072703746759761
branded,0.0007964549194836817
branding,0.004755267426250474
brands,0.0007532284486860768
breach,0.003621362935556402
breached,0.0
breaches,0.0
breaching,0.0
breadboard,0.0
breadboarding,7.510405383921208e-05
brevity,0.0002394681264295694
bridge,3.871277901244459e-05
bridges,0.0
brief,0.0001330946158170281
bright,0.0
bring,0.0006162015668163397
british,0.0
brochure,0.0012911291370456494
brochures,0.006768133856689721
browser,0.00017736747679221825
bs,0.0
bt,0.0
bu,0.00011401160384768049
budget,0.00020394849020413387
buffer,0.0
bugs,0.0
build,0.00018816679340404114
builders,0.0
building,0.0010844749151436726
built,2.835815567823803e-06
bulgac,0.0
bull,0.0
burge,0.0
bus,0.0001357832632114301
business,0.005169659590210265
businesses,0.002006863704788219
busy,0.0
but,0.0004934979575619728
buy,0.0001295215395046283
buyer,0.00034910137887577043
buyers,0.00013842661551656912
buying,0.00022940382490978226
buyout,0.0
bv,4.560866999098125e-05
bw,0.0
bx,0.0
by,0.000920769302373351
bz,0.0
bŋ,0.0
bɫ,0.0
bފ,0.0
c0,0.0
c04f,0.0
c1,0.0
c111,0.0
c2,0.0
c3,0.0
c4,0.0
c5,0.0
c6,0.0
c7,0.0
c8,0.0
c8y,0.0
c8ŀ,0.0
c9,0.0
c_,0.0
ca,0.0
cabinet,0.0
cables,0.0
cad,0.0
cafes,0.0
calculator,0.0
calendar,0.00014636807848668858
call,0.0006376044799087765
called,0.00012623916649599532
campaign,0.001955815537225233
campaigns,0.003144812953045351
can,0.0010352480040200865
canada,0.0
canadian,0.0
cancel,0.0
cancellation,0.0
cannot,0.0007504340742066253
canva,0.0
canâ,0.00018118282018131742
capable,5.0753743015118914e-05
capacitor,0.0
capacitors,0.0
capacity,0.0
capheight,0.0
caption,0.0
captivating,0.0
capture,0.0003148294920654715
captured,5.1399200456881766e-05
car,0.0003140085919224058
card,0.0031398144255172403
cardboard,0.0
cards,0.0048182625047015586
care,0.0
carriage,0.0
carrier,0.0
carry,0.0
cart,6.448879907387307e-05
case,0.00033865379667977045
cases,0.0005919481994847464
casual,0.0
catalog,0.00017122125937354637
catalogs,0.0
catch,0.00025876266577415553
catching,0.0009400775709449678
categorizing,0.0
category,0.0
caught,0.0
cause,4.124159789608106e-06
caused,0.00011953304732661737
causes,0.0
cb,6.812751029538866e-05
cc,0.0003345809995332993
ccc,0.0
ccittfaxdecode,0.0
ccms,0.0
cd,0.0
cddddddd,0.0
ce,0.0
centralized,7.109211959925596e-05
century,0.0
ceramic,0.0
certain,0.0011799194725705547
certainty,0.0
certifications,0.0
cf,0.0
cf1f,0.0
cg,0.0
ch,0.0
challenge,0.0
challenges,0.00029509300595002554
chance,0.0
change,0.00022272347473882673
changed,0.00018597537338183403
changes,0.0005995128679312043
channel,0.00014801160923341106
channels,0.0005275819589363456
chapter,0.0
characteristics,0.00015156365910196012
charge,0.0
charged,0.0
charging,0.0
charset,0.0
charter,0.0
cheap,0.0
check,0.0006711205669628322
checklist,0.00013128197368594046
checkout,7.31795202504063e-05
checkpoints,0.0
childcare,0.0
china,0.00010179843909060058
chinese,0.0
choice,0.00019269586094497696
choose,0.0007515141996342117
chorus,0.0
church,0.0
ci,0.0
cidset,0.0
circuit,0.0
circuits,0.0
circumstances,0.0011290152929996286
cisg,0.0
cite,4.061878375886152e-05
civil,0.0001020332335938011
cj,0.0
ck,0.0
cl,0.0
claim,0.0005003250145229113
claims,0.0
clarifies,0.0
clarity,0.0003653343742916395
classic,7.513263546392201e-05
classifications,0.0
classify,5.676809006035671e-05
classpass,0.0
clause,0.0017479601318060862
clauses,0.0020317132281054075
clear,0.000143923082748193
clearly,9.074858053728279e-05
clever,0.0
click,0.0
clickup,0.0
client,5.9947762488197026e-05
clients,0.000604154429918697
close,0.0
closed,8.204464886998762e-05
closing,0.0
clothing,0.0
cluster,0.0
cm,0.0
cmo,4.2941313538164515e-05
cmyk,0.0
cn,0.0
co,0.0
coaching,2.3824492902286647e-06
coated,5.944785997015285e-05
code,0.00012524481329218248
codified,0.0
codifies,0.0
coerced,0.0
cohesive,0.0
coke,0.0
cola,0.0
collaborate,2.578427159432746e-05
collaboration,0.0002686575459973126
collaborative,0.0
collaboratively,0.0
collateral,0.0011920368215260952
colon,0.0
color,0.00022753167452565254
colorants,0.0
colored,0.0
colorful,0.0
colormode,0.0
colors,0.0006815888885612184
colorspace,0.0
columbia,0.0
columns,0.0
com,0.0006164741433050798
come,0.0001690672282555457
comma,0.0
comments,0.0
commerce,6.4278368186493e-06
commercial,0.0006772081038304428
commission,0.0
common,0.00030101210612732153
commonly,0.0004784559118984022
communicate,0.0003019972577588081
communicated,0.00010596142047769404
communication,0.0
compact,0.0
company,0.0015733190140700044
compared,0.0001498399056071212
comparison,0.0
compelling,0.0008387797246186174
compensate,0.0
compensated,5.9932995811134705e-05
compensation,0.0019227271817883866
compete,0.0
competition,0.0004330041026558909
competitive,0.00041807860146983347
complements,0.0
complete,0.0012676839610908615
completed,0.0
completing,0.0
completion,0.0002074918092097407
compliance,0.00021730488749815424
comply,7.2526217283699e-05
component,0.0008539836198324071
components,0.0023350415015832037
comprehensive,0.00015202940734114503
comprehensively,0.0
compressed,0.0
compromise,0.0
computer,5.966285750363027e-05
concept,7.199485909706442e-05
concepts,0.00017625702726450316
concerns,4.3551899346721535e-05
concise,0.0004492793443626418
conclude,0.0
concluded,0.0
conclusion,0.00013923528896795824
concrete,0.0
condition,0.00015741446832832063
conditional,6.172848317365335e-05
conditions,0.0025329730842024306
conduct,0.00031743180169354154
conferences,0.00011751351351351368
confidential,0.00013615955226206692
confidentiality,0.0006494156167940746
configurations,6.76269999970463e-05
conflicting,0.0
conflicts,0.0
conforming,0.0
confusion,0.0001681877444589309
connect,0.00010379460116098697
connected,0.0
connections,0.0
connector,0.0
cons,0.0
consent,0.0010362244388198735
consequences,0.0
consequential,0.0003519463604297726
consequently,0.0
consideration,0.0014431493021553183
considerations,8.496079254705927e-05
considered,0.00030268610222772524
considering,0.0
consist,0.0
consistency,0.0008379267799924601
consistent,0.0003642227368980933
consists,0.0
constant,0.0
constitute,7.539933723051718e-05
constitutes,0.0
constraints,0.00012197433363244504
constructed,0.0
constructing,0.0
construction,0.0005358799030180827
constructors,0.0
construed,8.430371793921247e-05
consult,0.0
consultant,0.0
consulting,0.0002275549031580783
consumer,6.72371353067087e-05
consumers,0.0
contact,0.0007490915529373526
contacts,6.869170926040484e-05
contain,0.0
contained,0.0
contains,0.00014378193018084522
contemporaneous,0.0
content,0.0009845701776168636
contents,0.0
context,0.0005462233925252924
continuous,0.0
continuously,0.0
contours,0.0
contract,0.0100883388593977
contracting,5.273314014752372e-05
contractor,0.0007612990448871755
contractors,0.0
contracts,0.01417258798038704
contractscounsel,0.0
contracttemplatess,0.0
contractual,0.0003475540485540493
contractâ,0.0
contrary,0.0
contribute,0.0
control,0.0
convention,0.0001036768119448974
conversion,0.0
conversions,7.907661662955441e-05
convert,0.00010977041814870914
converted,0.0
converting,0.0
converts,0.0
convey,0.0
convincing,0.0
cookies,0.000503961253270088
copy,8.245750864577761e-05
copyright,0.0003803777442033951
copyrightflag,0.0
copyrights,0.0
corp,0.0
corridor,4.764898580457298e-05
cost,0.00012959991111363125
costs,0.0003256414849729114
cots,0.0
counsel,7.380190955867178e-05
count,0.0
counteroffer,0.00015769510440183677
counterparty,0.0
countless,7.206700283506831e-05
countries,0.0
country,8.095655599181681e-05
county,0.0004160517980938294
coupon,0.0
course,0.0001380240771186021
courses,0.0003025606114769464
court,0.006637370207728301
courts,0.0004659791209083794
covering,6.842778980947852e-05
cp,0.0
cpg,0.0
cq,0.0
cr,0.0
craft,5.9522052093605495e-05
crafted,0.00026760446000763773
create,0.0008785550094409532
createdate,0.0
creating,0.00035961874509820826
creative,0.002504822983395035
creativity,9.246332455762718e-05
creator,0.0
creatortool,0.0
credibility,0.0005659048189422877
creditor,7.335560507123435e-05
criminal,0.0001939036857089467
criteria,0.0005832577122414647
critical,0.0
cross,0.0002607073452126758
crtical,0.0
crucial,0.00034656266473245036
crunchyroll,0.0
crystal,0.0
cs,0.0
cs4,0.0
cs6,0.0
csi,0.00028404695022526196
ct,2.8412005650832184e-05
cta,0.0
ctas,0.0
cu,0.0
culture,0.0
cultures,0.0
cur,0.0
curating,0.0
cure,0.0
current,0.00025976577009182377
custom,0.0021929530881134073
customer,0.0018633406059753166
customers,0.005510301536650562
customize,0.00010978063329544009
customs,0.0
cv,0.0
cw,0.0
cx,0.0
cy,0.0
cyan,0.0
cyb,0.0
cycle,0.0
cz,0.0
cǎ,0.0
d0,0.0
d0s,0.0
d1,0.0
d2,0.0
d3,0.0
d4,5.979700918662592e-05
d5,0.0
d6,0.0
d7,0.0
d8,0.0
d9,0.0
d_,0.0
da,9.9856440371569e-06
dal,0.0
damage,0.00018474242212974782
damages,0.001668269405089328
dangers,0.0
data,0.0005568814434161155
database,0.0
databases,0.00010685947218830502
date,0.00012675878160816007
datecreated,0.0
dated,0.0
days,0.0
db,0.0
dc,0.0
dctdecode,0.0
dd,0.0
ddd,0.0
de,8.526113204135885e-05
deadlines,0.00047216457696488127
deal,1.6953531178351164e-05
dealing,4.594146830067037e-05
dealings,0.0
deals,9.405830221280784e-06
debt,0.0
debts,0.0
decision,0.00010995234180366163
deck,0.0
decks,0.0
declaration,0.0
declared,0.0
decodeparms,0.0
decomposition,7.459361146962135e-05
decompressed,0.0
decreases,0.0
deed,0.0
deemed,0.0
default,0.0
defective,0.0
defects,0.0
defences,0.0
defendant,0.0
define,0.00013363799444095255
defined,0.0005910952649319437
defines,0.00014045055499563747
defining,8.081941612173695e-05
definite,5.82539832573737e-05
definitely,0.00013852311619003412
definition,0.0003960156186861784
definitive,0.0
delay,0.00011187227225015192
delegation,5.476337259109213e-05
deliberation,0.0
deliberations,0.0
deliverables,7.689821855894768e-05
delivered,0.00021503799170497347
delivery,0.0004745283147853571
density,6.433057063598767e-05
departments,7.312396690022827e-05
dependencies,0.0
depending,0.0002972036223410031
deployment,0.0004483214415356121
deposit,0.0
depth,8.618418356294315e-05
derivedfrom,0.0
descendantfonts,0.0
descent,0.0
describe,0.0009055461122047856
describes,0.0015795370355282232
describing,7.814939808166639e-05
description,0.0015352167286882448
descriptions,0.00016938775324519247
design,0.005072605009853657
designated,0.0
designed,0.0005762007978308418
designers,1.299093259149422e-05
designing,6.707042619112051e-05
designs,0.0
destroyed,0.0
desygner,0.0
detail,0.0008411449938943453
detailed,0.0016187496146547466
detailing,0.00029975292083732065
details,0.0025760045864187276
determine,0.00029540623191571543
determined,0.00017390538745073843
determines,0.0
determining,0.00015790101069806055
detriment,0.0
develop,6.889092782342601e-05
developed,0.0006537710049728529
developers,0.002611065368775181
developing,0.0007024240186685906
development,0.004821511470425463
develops,5.1089187845903225e-05
device,0.0
devicecmyk,3.412413708842127e-05
devices,0.00010108963474728245
df,0.0
dg,0.0
dh,0.0
di,0.0
diagram,0.0
diagrams,0.00012864232096092789
did,0.0
differ,0.0
differences,0.00033815165684928825
digital,0.005091537539170668
digitally,0.0
digitalmarketer,0.0
digits,0.0
dimensions,6.605284227381905e-05
diode,0.0
diodes,0.0
direct,0.0002329355102404498
directives,7.650859755704873e-05
disability,0.0
disagreements,0.0
disc,0.0
disciplines,0.0
disclaimer,0.0
disclose,0.0
disclosure,0.0002738718624334201
discretion,8.278365209320826e-05
discrimination,0.0
discusses,0.0
discussion,6.740821812420146e-05
discussions,0.00012230442837126042
display,0.0020573619613881364
displayed,0.0
displaying,0.0
displays,0.00026841532373643884
dispute,0.004340548567665894
disputes,0.0032356864803864903
distinction,0.0004369300472091549
distinctive,0.00012987590071186886
distribute,0.0
distributed,0.0
distribution,0.00034405881512017964
distributor,0.0
divide,0.0001956787509695353
divider,0.0
division,0.0
divisions,0.00013446071849186324
dj,7.710981008139373e-05
dk,0.0
dkn,0.0
dl,0.0
dlref,0.0
dm,0.00013591333248477377
dmca,0.0
dn,0.0
doc17,0.0
doc18,0.0
doc4,0.0
docs,0.00018635773163640077
docs12,0.0
docs13,0.0
docs15,0.0
docs17,0.0
docs24,0.0
docs5,0.0
docs7,8.39935070546304e-05
docs9,7.089336660849476e-05
docsretainer,0.0
doctor,6.033174843996978e-05
doctrine,0.0
document,0.0035917383265825823
documentation,0.0008573502433921829
documentid,0.0
documents,0.002160922185200529
docupilot,0.0
does,0.00023480113353621814
doesn,0.00018741066989596503
doesnâ,0.0
doing,0.0005816827897123868
domain,6.406230373068711e-05
domestic,0.0
don,0.0006734119669447721
door,0.00046903888890527
double,7.638160850681445e-05
down,0.0003463749137729307
download,0.0002979771732448335
download11,0.0
downloadable,0.0
dp,0.0
dq,0.0
dr,0.0
draft,0.0007236283721038771
drafted,0.00014620388824126648
drafting,0.0006900224613472389
drawings,0.0010979163352304484
dream,0.00012739857309183213
drinkware,2.785395954748024e-05
drive,0.000281814374889387
driven,6.726247936972571e-05
driving,0.0
drop,5.007919627672833e-05
drug,0.0
dry,0.0
ds,0.0
dt,0.0
du,1.663400553473753e-05
due,0.0003047491389535549
duration,3.0297089061224803e-05
duress,0.0
during,0.0011540847854949663
dutch,0.0
duties,0.0016138431593714568
duty,0.00013995579773853158
dv,0.0
dw,0.0
dx,0.0
dy,0.0
dyq,0.0
dz,0.0
e0,0.0
e1,0.0
e2,0.0
e3,0.0
e4,0.0
e5,0.0
e6,0.0
e7,0.0
e8,0.0
e9,0.0
e_,0.0
ea,0.0
each,0.0014902077490360826
early,0.000293063688247141
east,0.0
eb,0.0
ebook,0.0005022330570988277
ebooks,0.0
ec,0.0
economic,0.00010234559612609229
ed,0.0
educate,0.0
educational,0.0
ee,0.0
eee,0.0
ef,8.19901354649942e-05
effect,0.00015605046302850917
effective,0.0023404678466702935
effectively,3.6166788409536264e-05
efficiency,7.35923814363218e-05
efficiently,0.00019408902915866885
effort,3.534026157148143e-05
efforts,0.0005814919486113903
efʌ,0.0
eg,0.0
eh,0.0
ei,0.0
eight,7.000343154076184e-05
either,0.00027599812495857095
ej,0.0
ek,0.0
el,0.0
electric,0.0
electrical,0.0003428572223851715
electronic,7.376460332985951e-05
electronically,0.0
elements,8.134433344608257e-05
elevate,0.00012178479861053673
elevations,4.4641539070204126e-05
eligible,0.0
eliza,0.0
ellipsis,0.0
em,8.213187188021652e-05
email,0.0029740883170585423
emailing,0.00014063177315188475
emails,8.422178403128242e-05
emotional,0.0001526062604810154
employee,0.00047131780290534476
employees,0.00023112591382316993
employer,0.0003393191148426871
employers,0.0
employment,0.0033599620057490893
empowered,0.0
emq,0.0
en,0.0
enable,0.00057541122110398
encoding,0.0
encourage,7.280267431959381e-05
encouraging,0.0
end,0.0002287842909081932
ended,0.0001515941189717853
endobj,0.0
endstream,0.0
energy,3.543307086614173e-05
enforce,0.00048320449012661507
enforceability,0.0
enforceable,0.007614541007077224
enforced,0.00046192726356123647
enforcement,0.0
engage,0.0013433226095207842
engagement,0.0002647857921480439
engaging,0.0007100315056080165
engine,0.0
engineer,0.0005432236638894287
engineering,0.005062539085031575
engineers,0.004624621442581355
engines,0.0
england,7.20100677582884e-05
english,0.0
enhance,5.77253464666132e-05
enriched,0.0
enrichment,0.0
ensure,0.00030354948404360296
ensures,0.00041709377080019955
ensuring,0.0004990259238816361
enter,0.003199135299148062
entered,0.0003016820015004429
entering,0.000522885609711635
entertaining,0.0
entice,0.0
entire,0.00032805324672573904
entities,0.0002525523331380113
entitled,3.245553621097872e-05
entity,0.00028673598697207794
envelope,0.0001325735118738994
environments,0.0
eo,0.0
ep,0.0
epq,0.0
eq,0.0
equipment,0.0001686654494091884
equitable,8.893330535962802e-05
equity,0.0
equivalent,9.566651926936289e-05
er,0.0
erp,7.226431645036297e-05
errors,0.000440632791133642
es,0.0
esignature,4.0305584826132774e-05
especially,3.2748287671232876e-05
essay,0.0
established,0.00037513243557217867
estate,0.0011988380418868753
estimate,0.0
estimates,0.00044775313428287427
estoppel,0.0
et,0.0
etc,0.0002820394152817363
eu,0.0
european,0.0
ev,0.0
evaluate,0.000315762014211505
evaluations,0.0
even,0.0004126506457521319
event,0.001563222111980747
events,0.0010323041532441697
ever,0.00019048240660414815
everyone,0.00027063528616845663
evidence,0.0
ew,0.0
ex,0.0
example,0.0007205543391279462
example10,0.0
examples,0.0003266903826564358
examples18,0.0
examples43,0.0
examples8,0.0
excavation,0.00012950547142063864
excellent,0.0
except,7.414337256233382e-05
exception,0.00040133463433767537
exceptions,0.0
exchange,0.001092420325446894
exchanged,7.067173916460992e-05
exchanging,7.332675516804631e-05
excited,6.171576313136245e-05
exclude,8.95145081191593e-05
excluding,0.0
exclusion,0.0
exclusivity,0.0
excused,0.0
executed,0.00011663676507814476
executing,6.113067620448209e-05
execution,0.0001217118232998996
executives,0.0
exercise,0.0
exercised,0.0
exist,0.0
existed,0.0
existence,0.0
exists,0.00018893646254263482
expand,0.0007101093502021224
expanding,0.0
expectation,0.0
expectations,0.0004600371405465444
expected,0.00015321037465194391
expense,0.0011179725345340093
expenses,0.00028055048260340783
experience,0.0001597274530752718
experiences,0.0
experiment,0.0
expert,6.984540882845966e-05
explainer,5.9075455143671917e-05
explains,4.1502677319639865e-05
explanations,0.0
explicit,2.5129478103643745e-05
explicitly,5.016160351285321e-06
exposure,6.808247701713067e-05
express,0.0010640925018429344
expressed,0.0
expressly,0.0
extends,0.0
extension,0.0
extent,7.168517385231316e-05
external,0.00038657639662687703
extinguisher,3.37915757065389e-05
ey,0.0
eye,0.002543359516903622
ez,0.0
f0,0.0
f1,0.0
f2,0.0
f3,0.0
f4,3.8269130559838584e-05
f5,0.0
f6,0.0
f7,0.0
f8,0.0
f9,0.0
f_,0.0
fa,0.0
fabrication,0.0
facebook,0.0002529316699912446
facilitate,8.952841878539777e-05
facilities,0.0
fact,0.0002961650223205471
factors,0.0
failed,0.0
failing,0.0
fails,0.0005789617672582175
failure,0.00012525316446055138
fair,7.074570836429039e-05
fairness,0.0
faith,0.0
fall,8.118602436564637e-05
fans,0.0
fantastic,0.0
faqs,0.0
far,0.0
fast,0.0
fault,0.0
favorite,0.0
fb,0.0
fc,0.0
fd,0.0
fdic,0.0
fe,0.0
feasibility,0.0
feature,0.0003530763874376123
features,0.0004443557998491068
featuring,0.0
fee,0.0
feedback,0.0012302700397947084
feel,0.00026489596893870116
fees,0.0001466130903376435
fenty,0.0
few,4.2541748014481496e-05
ff,0.0
fff,0.0
fg,0.0
fh,0.0
fi,0.0
fide,0.0
field,0.0004939771735487224
figure,8.650624364595771e-05
filed,0.0
filestage,0.0
film,0.0
filter,0.0
final,0.0003929127712933239
finality,0.0
finalize,0.0001419737466034402
finalized,0.0
finance,5.162061097605411e-06
financial,0.00024021564826330323
finds,7.206491148089873e-05
finished,7.005805409271058e-05
fire,0.0
firm,0.0006470150761371551
firstchar,0.0
five,0.0
fix,0.0001284747271638859
fixed,0.00020813139921914325
fj,0.0
fk,0.0
fk8m,0.0
fl,0.0
flags,0.0001443958763105329
flashcards,0.0
flatedecode,0.0
flexible,0.0001966752516974948
flipbooks,0.0
flipping,0.0
floor,0.0
flooring,5.561297860866438e-05
flows,0.00015748531844185797
fluctuation,0.0
flyer,0.0018702174420328803
flyers,0.004374473724245358
fm,0.0
fn,0.0
fo,0.0
fob,0.0
focused,0.0005567236814748921
focusing,0.0
foil,0.0
fold,0.0
folded,0.0
folder,0.0
folders,0.00011049060536252403
foleon,0.0
followers,0.0
following,0.0010707164944597097
font,0.0
fontbbox,0.0
fontdescriptor,0.0
fontfile2,0.0
fontfile3,0.0
fontname,0.0
fonts,0.0002976334629059862
fontweight,0.0
footstep,0.0
footsteps,0.0
for,0.0017577735831494393
forbearance,0.0
force,7.5399042265526e-05
foreign,0.0
forget,0.0
form,0.0008176229724988931
formal,0.0
formalities,0.0
formalize,0.0
formalized,0.0
format,0.0007650773258618686
formation,0.0
formats,0.0
formed,0.0
forms,0.0006487713065829582
formulation,0.0
forth,3.434914580423342e-05
forum,0.0
foundation,0.0
fp,0.0
fq,3.442121844571316e-05
fr,0.0
framework,3.813774789536132e-05
frameworks,0.0
franchise,0.0
franchisee,0.0
franchisor,0.0
fraud,0.0
frauds,0.0
fraudulent,0.0
free,0.0008753872689193922
freebies,0.0
freedom,0.0
freelance,0.0
freelancers,0.0
freely,0.0
freestyle,0.0
french,6.017419797853242e-05
frequency,0.0
fresh,0.0
friendly,3.964135459014484e-05
from,0.0012569559049405614
front,0.000295701412449546
frontend,6.921885404398938e-05
fs,0.0
fsd,0.0
ft,0.0
ft5,0.0
fu,0.0
fuat,0.0
fulfil,0.0
fulfill,0.00036425530668059635
fulfilled,6.684035377279856e-05
fulfilling,0.0
full,6.039984865515744e-05
fun,0.00022966219892799308
function,0.0006454991009387244
functional,0.001646859126130096
functionalities,0.0
functionality,0.0008404013036520286
functions,0.0003081526471431142
funnel,0.0
funny,0.0
further,9.371861011692847e-06
future,0.0003278964786649489
fv,0.0
fw,0.0
fx,0.0
fy,0.0
fz,0.0
g0,0.0
g1,0.0
g2,0.0
g3,0.0
g4,0.0
g5,0.0
g6,0.0
g7,0.0
g8,0.0
g9,0.0
g_,0.0
ga,0.0
gain,0.0
gaming,0.0
gaps,0.0
gather,5.7824100513991994e-05
gathering,0.00012525614474407355
gatt,0.0
gauge,0.0
gb,0.0
gbc,0.0
gc,6.784850344802686e-05
gd,0.0
ge,0.0
general,0.00029420026496011385
generally,0.0008375592966350143
generated,0.0
generating,0.0
generation,0.0
generator,0.0
generic,0.0
german,0.0
get,0.0018771856285860259
getting,0.00017376199702844592
getty,0.0
gettyimages,0.0
gettyimagesgift,0.0
gf,0.0
gg,0.0
gh,0.0
gi,0.0
giant,0.0
gift,0.0
giveaway,0.0001413692072026616
given,0.0002460418852027976
giving,0.0
gj,0.0
gk,0.0
gl,0.0
glance,0.0
gloss,0.0
glossary,6.0795293746491395e-05
gm,0.0
gn,0.0
go,0.00043869193424981743
goal,8.10855985073836e-05
goals,0.002392955051535407
gone,0.0
goods,0.0023455515031811825
google,0.0005825593695880748
got,0.0004218247074666444
gov,0.0
govern,8.987023345706662e-05
governed,0.001438788021183664
governing,0.0
government,0.0
governs,0.0
gp,0.0
gq,0.0
gr,0.0
grab,0.0006347101846551223
grabbing,0.00023478318452563123
gradient,0.0
grading,7.571034783196503e-05
grant,0.0
graphic,0.000851345938006657
graphics,0.0028196708136021963
great,0.006036173661034208
green,0.0
grounds,0.0
groupname,0.0
grouptype,0.0
grow,0.001246038151058211
growing,0.0004948447630834609
grows,0.0
growth,0.00013814650901598885
gs,0.0
gs0,0.0
gt,0.0
gts_pdfxversion,0.0
gu,0.0
guarantee,7.016420975633818e-05
guardian,0.0
guest,0.00010401532844649622
guests,0.0
guidance,0.0
guide,0.0005165614216246187
guideline,0.0
guidelines,0.0
guides,3.978526304476723e-05
guiding,0.00014774961026573486
gum,0.0
gv,0.0
gw,0.0
gx,0.0
gxz,0.0
gy,0.0
gym,0.00012749945877389774
gz,0.0
gze,0.0
h0,0.0001452259765659176
h1,0.0
h2,0.0
h3,0.0
h4,0.0
h5,0.0
h6,0.0
h7,0.0
h8,0.0
h9,0.0
h_,3.4766932783929936e-05
ha,0.0
had,0.00017812646774170593
hague,0.0
hand,0.0007455948474009727
handling,0.0002967880210858049
handouts,0.00011683040838737058
handy,0.0
hangers,0.0002651793102055556
hanging,0.0
happen,0.0
happened,0.0
happens,0.0
hardship,0.0
hardware,0.0004136586652020676
harm,0.0
harmless,0.0
harvesting,0.0
has,0.0004089663704650619
hashtag,0.0
hasvisibleoverprint,0.0
hasvisibletransparency,0.0
have,0.00129564476397383
having,0.0001665743193838613
hb,0.0
hc,0.0
hctdls,0.0
hd,0.0
he,0.000225046152370492
headings,9.71155236674867e-05
headline,0.0
heavy,0.0
height,0.0
held,0.00035599317374621466
helix,0.0
help,0.0006106696175346906
helped,7.485830605485632e-05
helpjuice,0.0
helveticaneueltstd,0.0
hennessy,0.0
her,6.908260532462601e-05
here,0.0009653723484570827
hereâ,0.0
hero,0.0
hf,0.0
hg,0.0
hgg,0.0
hh,0.0
hi,0.0001642914563168335
high,0.0014157881838814876
highlight,0.00013545905568872283
highly,0.0003153868051052346
hire,4.011613198568829e-05
hirer,0.0
history,0.0
hj,0.0
hk,0.0
hl,0.0
hlј,0.0
hm,0.0
hmek,0.0
hn,0.0
ho,0.0
hold,0.00048620531343848586
home,7.075268325866219e-05
homepage,7.873558557560353e-05
horizontal,0.0
hosts,0.0
hours,6.78750297819958e-05
how,0.0005034124738055905
however,0.0008220881226108823
hp,0.0
hq,0.0
hr,0.0
hs,0.0
ht,0.0
http,2.299877229525617e-05
hu,0.0
hub,8.089071042784968e-05
hubspot,0.0
human,0.0
husband,0.0
hv,0.0
hw,0.0
hx,0.00013670568484951628
hy,0.0
hyphen,0.0
hz,0.0
hç4,0.0
hх,0.0
i0,0.0
i1,0.0
i2,0.0
i3,0.0
i4,0.0
i5,0.0
i6,0.0
i7,0.0
i8,0.0
i9,0.0
i_,0.0
ia,0.0
iaccm,0.0
ib,0.0
ic,0.0
iccprofile,0.0
icon,0.0
icons,0.0
icy,0.0
id,0.0004068440754982604
idea,0.00010447076889518912
ideal,0.0003456781919953555
ideas,0.00057391590141951
identified,0.0002640769955251109
identifies,0.0
identify,0.00038694053400096915
identifying,0.0
identity,0.00014359069095672546
ie,0.0
if,0.0006011079101270678
ig,0.0
iga,0.0
ih,0.0
ii,0.0
iid,0.0
ij,0.0
ik,0.0
il,0.0002780431970651056
illegal,0.00022863015737244327
illustrated,6.371025348958433e-05
illustrations,0.0003984304243944575
illustrator,0.0
im,0.0
im0,0.0
image,0.0008028544964801195
imagemask,0.0
imagerank,0.0
imagery,0.0
images,0.0008945902871784382
imj,0.0
imjr,0.0
immaterial,0.0
immersive,0.0
impact,0.0002584454814514144
implement,0.00037716785240657325
implementation,0.00026028211052692114
implemented,0.00039911167261978865
implications,0.0
implied,0.0011512559575557616
imply,0.0
impose,0.0
impossible,0.0
impress,0.0
impression,0.001390070280455873
impressions,6.56362332312176e-05
impressive,0.00017173075525187182
in,0.0011742555904606612
in4007,0.0
include,0.0013052665118162105
includes,0.0006636561934912521
including,0.0008430062434391964
incomplete,0.0
incorporated,0.0001008937190545885
increase,0.0009487713384107577
increasing,0.0
indemnification,0.0
indemnity,0.0
independent,0.00027757859221462554
indexed,0.0
india,0.0
indian,0.0
indicate,0.00013325428556965838
individual,0.00028428301284871176
individuals,0.0006187729672935205
industry,0.001073392812974196
inequality,0.0
inexpensive,0.00023857565726395746
influencer,0.0
info,6.316633802346179e-05
infographic,0.0
infographics,0.0
inform,0.0005073160790796664
informal,0.00026827680324430464
informative,0.0
infrastructure,0.0004444619105827962
infringement,0.0
initio,0.0
injunction,0.0
injunctions,0.0
innocent,0.0
innovative,0.0
input,4.0161991497365713e-05
inputs,0.0
inside,0.0
insightful,0.000311419418838854
inspiration,0.000538146967971152
inspire,0.00025633881005248033
instagram,0.0010854430606782703
install,7.188429762278548e-05
installation,0.0
installed,0.0
instance,0.00012828830890328788
instanceid,0.0
instructions,0.0
instruments,0.0
insurance,0.0
insurer,5.581904414447283e-05
integrated,0.0001276252440434445
integrations,0.0
intellectual,0.0005847725385489315
intend,0.000361301002424107
intended,0.00012756867941694192
intent,0.0009961028109987233
intention,0.0016226528870288937
intentional,0.0
intentions,6.615859600176423e-05
interactions,0.00020238276770985372
interactive,0.00022680749601605756
interest,0.0003144806756909327
interested,0.00029420022584060115
interests,7.59144309718305e-05
interface,0.0
interfaces,0.0
international,0.0
internet,7.262968530936976e-05
interpolate,0.0
interpretation,4.157779959103489e-05
interpreted,0.0
introduce,0.0001256869185901764
introduction,0.00018804902684522263
intuitive,0.0
invalid,4.727182369674762e-05
invalidated,0.0
inventory,4.078417523327362e-05
investigating,0.0
invitation,9.928259484245341e-05
invoice,0.0
invoices,0.0
involve,0.0
involved,0.0009000315375785038
involves,0.00041875720848634073
involving,0.0
io,0.0
iotam71w,0.0
ip,0.000101161784819449
iphone,6.487466713136671e-05
iq,0.0
iqm,0.0
ir,0.0
irrevocable,0.0
is,0.0009911824751362517
isabela,0.0
islamic,0.0
isn,0.00015090090090090047
iso,0.0
issues,0.00014301655460760495
istock,0.0
istockphoto,0.0
it,0.0009917593968496266
italic,0.0
italicangle,0.0
italicmt,0.0
items,0.0010918913323871842
iterative,0.0
itq,0.0
itr,0.0
its,0.0009892824496373163
itself,0.00018774326339074046
itâ,0.0
iu,0.0
iv,0.00010480493697617096
iw,0.0
ix,0.0
iy,0.0
iz,0.0
iēd,0.0
iӧ,0.0
iԟd,0.0
i߈,0.0
j0,0.0
j1,0.0
j1p,0.0
j2,0.0
j2t,0.0
j3,0.0
j4,0.0
j5,9.619622934533126e-05
j6,0.0
j7,0.0
j8,0.0
j9,0.0
j_,0.0
ja,0.0
japan,0.0
japanese,0.0
jargon,0.00013699750389841627
jb,3.200063192512743e-05
jc,0.0
jd,4.670411664402826e-05
je,0.0
jf,0.0
jfu3,0.0
jg,0.0
jh,0.0
ji,0.0
jj,0.0
jjj,0.0
jk,0.0
jko,0.0
jl,0.0
jm,0.0
jn,0.0
jo,0.0
job,0.00013461699653466325
joint,4.139182604660413e-05
jon,0.0
jotform,7.621034546235506e-05
journey,0.00039765344524650577
jp,0.0
jpeg,0.0
jpv,0.0
jq,0.0
jqp,0.0
jr,0.0
js,5.328254782408238e-05
jt,0.0
ju,0.0
judge,0.0
judgments,0.0
judicial,0.0
junction,0.0
juridical,0.0
jurisdiction,8.295713857575376e-05
jurisdictions,0.00014379590227112617
jurisprudence,0.0
juro,0.0
just,0.0008854065861272063
justifications,0.0
jv,0.0
jw,0.0
jx,0.0
jxk0,0.0
jy,0.0
jz,0.0
jʬ,0.0
jڨ,0.0
k0,0.0
k1,0.0
k2,0.0
k3,0.0
k4,0.0
k5,0.0
k6,0.0
k7,0.0
k8,0.0
k9,0.0
k_,0.0
ka,0.0
kanban,0.0
kb,0.0
kc,0.0
kci,0.0
kd,0.0
ke,0.0
keep,0.00038689271704459195
key,0.00018210609795892655
keyword,0.0
keywords,5.202520396153753e-05
kf,0.0
kg,0.0001626540930264271
kh,0.0
kholin,7.52056907781967e-05
ki,0.0
kids,0.0
kind,0.00023553452492271199
kinetic,0.0
kingdom,0.0
kit,0.0
kitkat,0.0
kits,0.0
kj,0.0
kjj,0.0
kk,0.0
kkk,0.0
kl,0.0
km,7.301161650873775e-05
kn,2.8804051150419814e-05
knew,0.0
know,0.0006450232641699592
knowledge,0.00044978175731201546
known,0.000985229381800353
ko,0.0
kp,0.0
kq,0.0
kr,0.0
ks,0.0
kt,0.0
ku,0.0
kv,7.361572892446815e-05
kw,3.5194531113963785e-05
kx,0.0
ky,0.0
kz,0.0
kƹf,0.0
kѽ,0.0
kҳ,0.0
k齔,0.0
l0,0.0
l1,0.0
l2,0.0
l3,0.0
l4,7.57458070716698e-05
l42,0.0
l5,0.0
l6,0.0
l7,0.0
l8,0.0
l9,0.0
l_,0.0
la,0.0
labels,0.0002828350642555944
labor,0.00033107013531042426
labour,8.224297032018725e-05
lack,0.000525580502486674
lacking,0.0
land,0.0004796798588698948
landing,0.00034909083182040106
landlord,0.00025539779130240927
landlords,0.0
landscaping,0.0
lang,0.0
language,0.0
languages,0.0
large,0.00015329462621085436
lastchar,0.0
lasting,0.0
late,0.0
later,0.00015596844897827888
latin,0.0
lato,0.0
launch,0.0
law,0.006291795300978287
lawful,0.0
lawn,5.899844041885894e-05
laws,0.0005645459968583804
lawsuit,5.0994274110673104e-05
lawyer,0.0019228567066069705
lawyers,0.0003456488921603291
lb,0.0
lc,0.0
lcd,0.0
ld,0.0
ldf,0.0
le,0.0
le3,0.0
lead,0.00033601483713360596
leader,0.0
leads,0.0006952126976870284
leaflets,0.0
learning,4.463759791448711e-05
lease,0.0024026198763318052
leases,5.654132573319848e-05
leasing,6.539219168792584e-05
leave,6.33706796504905e-05
leaving,0.0
led,7.947206998251615e-05
leds,0.0
lee,0.0
legacyiptcdigest,0.0
legal,0.012798920196362147
legality,0.00022302462906414433
legally,0.011400431709854768
legalwise,0.0
legalzoom,0.0
legislation,0.00014300279385087982
legitimate,0.0
length,0.0
length1,0.0
lens,0.0
lessee,0.0
lessor,0.0
let,0.0006671011075811223
letter,0.00031293492938444116
letterhead,0.00023814027495281165
level,0.0
levels,0.00014769504888108713
lf,0.0
lg,0.0
lh,0.0
li,0.0
liabilities,0.0003690776301568249
liability,0.0007211224043769076
liable,7.568320385047547e-05
licence,0.0
license,0.0
licensed,8.235159556216397e-05
licensing,0.00014317435220082507
licensor,0.0
licensorurl,0.0
lifecycle,0.0002434538097140388
lifestyle,0.00010648792896967337
light,0.00012308084516169952
lighting,0.0001166442194628183
like,0.0010063181612367162
likely,0.0001003185658600289
likes,7.093921507164453e-05
limit,0.0
limitation,0.0
limited,0.0003747438642174423
limiting,4.884667571234739e-05
limits,4.4751072161103873e-05
linkedin,0.00024901242892283405
list,0.00043885838103904356
listings,0.0
literature,7.330610771417618e-05
litigation,5.8097395928144426e-05
little,0.0002512700098012797
lj,0.0
lk,0.0
lk0,0.0
ll,0.00041817223163898856
llc,0.00034825168286258695
lm,0.0
lm05,0.0
lme,0.0
lmm,0.0
ln,0.0
lo,0.0
loan,6.77262186347111e-05
local,0.0006377438713212516
location,0.00033004542953369594
logging,0.0
logic,0.0001039931247389369
logo,0.0016078877006558403
logos,0.0007842001812284274
longer,0.00021031633864005791
look,0.0005714127038320209
looking,0.0003088819762545474
loss,0.0001339976364417704
losses,0.00021415536246428886
lost,0.00023679067179616437
lot,0.00016381322267741368
love,0.000127470771755206
loves,0.0
low,1.2151757630223865e-06
loyal,0.00010205947202490216
loyalty,0.00037994103818866747
lp,0.0
lph,0.0
lq,0.0
lr,0.0
ls,0.0
lt,0.0
ltd,6.497646818504714e-05
lu,0.0
luxury,7.050723774415318e-05
lv,0.0
lw,0.0
lx,0.0
ly,9.295331815350832e-05
lyft,0.0
lz,0.0
lʍ,0.0
m0,0.0
m1,0.0
m2,0.0
m3,0.0
m4,0.0
m5,0.0
m6,0.0
m7,0.0
m8,0.0
m9,0.0
m_,0.0
m_l,0.0
ma,0.0
machine,0.00034016351512182366
macintosh,0.0
made,0.0009516327549219815
magazine,7.151326111376843e-05
magazines,0.0
magenta,0.0
magnet,7.138851053601472e-05
magnets,0.0
mail,0.0016402714995067459
mailchimp,0.0
mailer,0.00014155874324873693
mailing,0.0
main,0.0001604991911280458
mainland,0.0
maintenance,0.0
majeure,0.0
major,0.00039285616689659953
majority,0.0
make,0.0009332550474790901
maker,0.0
makes,0.000266280666414573
making,1.3199442282824493e-05
male,0.0
manage,0.00034297492495533407
management,0.0003457798554479008
manager,0.00010370272702464797
managers,0.0003854459235845777
managing,0.00021737844701059093
manasi,0.0
manner,0.00024227025731659367
manually,0.0
manufacture,0.0001305832147937411
manufacturer,0.00023175481738462903
manufacturers,0.0006179256526219752
manufacturing,0.001072430638362443
many,0.0007063804589383533
manypixels,0.0
map,0.00016043080059885902
maritime,0.0
market,0.00045594329868980883
marketer,6.98763791958178e-05
marketers,0.00017918638800297932
marketing,0.011162373747398303
marriage,0.0
mas,0.0
mask,0.0
massage,0.0
masterclass,0.0
masterformat,0.0
material,0.0013412031056771517
materials,0.004019099670085385
matrixflows,0.0
matte,0.0
matter,0.001352022769242395
matters,6.308866772795698e-05
max,0.0
maximize,0.0
maxpagesize,0.0
may,0.0011200043611393844
mb,0.0
mc,0.0
mcintosh,0.0
md,0.0
mdpi,0.0
me,0.00018217060635091381
meaning,0.0003431672835123357
means,0.00014286601537850686
measurable,0.0
measure,0.00013593596613871732
measurement,1.6811389337641373e-05
measures,0.0
mechanic,0.0
mechanical,9.585466606820895e-05
mechanism,0.0
media,0.005535222877304467
mediated,0.0
mediation,0.0
medical,7.666159645526092e-05
medium,0.00042147044650167934
meet,0.0004931102828413077
meeting,0.00023024858840146151
meetings,0.0
meets,0.0003952076958382566
member,0.0
members,0.00020228360328882307
membership,0.0
memorable,0.0005800178944740878
memorandum,0.0
mental,0.0
menu,8.086050924318725e-05
menus,0.0
merchandise,0.0004040130170775295
merchandising,7.20886948406164e-05
merger,0.0
message,0.0015476452639340632
messages,0.0
messaging,0.000936688434901484
meta,0.0
metadata,0.0
metadatadate,0.0
method,0.0
methodology,0.0
methods,0.0005610071108453407
metric,1.8472498708911382e-05
metrics,6.152441782408439e-05
mexico,0.0
mf,0.0
mg,0.0
mh,0.0
mi,0.0
microcontroller,0.0
microsoftsansserif,0.0
might,0.00011429711212860384
milestones,0.0
million,0.00021376143954816152
mind,0.00015421012535510342
minds,0.0
minimalist,0.0
minimizes,0.0
minimum,0.00043709769372444216
minor,0.0001111913363045453
minors,0.0
minutes,0.0005353951046448981
miscellaneous,0.0
miscommunication,7.878063691435562e-05
misrepresentation,9.593414520657171e-05
missingwidth,0.0
mission,0.00012806562186339752
mistake,0.00018967030280497661
misunderstandings,0.00014554633379569384
mitigation,5.470632315038525e-05
mix,0.0
mixed,0.0
mixtures,0.0
mj,0.0
mk,0.0
ml,0.0
mls,0.0
mm,0.0
mn,0.0
mo,0.0
mobile,0.00011420204392328698
mockups,0.0
mode,0.00012124657301123277
model,0.0003644840003863674
modelled,0.0
models,0.0
modify,0.0
modifydate,0.0
module,0.0
modules,0.0
mofu,0.0
moisture,0.0
moment,3.10161649625864e-05
monetary,0.0
money,0.0004997778153204589
monitoring,8.139969408119089e-05
month,0.0
more,0.00043372075559396046
mortgage,0.00020285098573975656
most,0.0009016147604899409
motor,0.0
mou,0.0
mounted,0.0
movie,0.0
mp,0.0
mp4a,0.0
mq,0.0
mr,0.0
mrd,0.0
mt,0.0
mt4q,0.0
mtl,0.0
mtx,0.0
mu,0.0
mugs,0.0
multi,0.0
multimodal,0.0
music,7.411288321889152e-05
muslim,0.0
must,0.0008500841698026029
mutual,0.0010309752696297568
mv,0.0
mvp,0.0
mw,0.0
mx,0.0
my,0.00035474387192021656
mz,0.0
mշ,0.0
m۶,0.0
n0,0.0
n1,0.0
n2,0.0
n3,0.0
n4,0.0
n5,0.0
n6,0.0
n7,7.71508309482195e-05
n8,0.0
n9,0.0
n_,0.0
na,0.0
nair,0.0
nal,0.00021050073588016748
names,0.0003188725526742465
naming,0.0
napoleonic,0.0
narrative,0.0
nations,0.0
native,0.00018436146908682864
natural,0.00011749158129921645
nature,0.0
nb,0.0
nbs,0.0
nc,0.0
nd,0.0
nda,9.104458154451677e-05
ndas,0.00022439667786987343
ne,0.0
necessary,0.0005567984334668044
necessities,0.0
needed,0.0003548042480353972
needs,0.0008753648148346364
negligent,0.0
negotiate,0.00019818438605774766
negotiated,0.0
negotiating,1.2482898542684175e-05
negotiation,0.0014298967157219751
negotiations,1.9716397451432313e-05
neither,0.0003205835801846679
networking,8.983232173267542e-05
never,0.0
nevertheless,0.0
new,0.0017515638953367677
news,6.452480172066137e-05
newsletter,0.00040742930092103576
newsletters,0.002311779660379929
next,0.0013960466299920685
nf,0.0
ng,0.0
nh,0.0
nhܐ,0.0
ni,0.0
nice,0.0
niche,0.0
nightclubs,0.0
nine,0.0
nj,0.00012509446149074483
nk,0.0
nk8,0.0
nl,0.0
nm,0.0
nmm,0.0
nn,0.0
nnܜ,0.0
no,0.000708285282750334
nominate,0.0
non,0.0016039080062556898
nonbreaching,0.0
nonfunctional,0.0001978759299674083
not,0.004262644355290297
notably,6.862703809892593e-05
notary,0.00015006020222200098
note,0.0004952669997874971
notice,6.125086243696142e-05
noticed,7.915905521904943e-05
notices,0.0
notification,0.0
novation,0.0
november,0.0
now,0.0005531368814751637
np,5.1702741916571195e-05
npages,0.0
npn,0.0
nq,0.0
nr,0.0
nrec,0.0
ns,0.0
ns0,0.0
nt,0.0
nu,0.0
nursing,0.0
nurture,4.559066303221105e-05
nurturing,0.0
nv,0.0
nw,0.0
nx,0.0
ny,0.0
nz,0.0
nƨ,0.0
nջ,0.0
o0,0.0
o1,0.0
o2,0.0
o3,0.0
o4,0.0
o5,0.0
o6,0.0
o7,0.0
o8,0.0
o9,0.0
o_,0.0
oa,0.0
oauth,0.0
ob,0.0
obj,0.0
objectives,0.0
obligated,0.0
obligation,0.0019401409712380953
obligations,0.006879532576522416
obliged,0.0
obtain,2.557283142389525e-05
oc,0.0
occur,0.0
occurs,0.0
oct,0.0
october,0.00017010390126179678
od,0.0
oe,0.0
of,0.0026953029348057932
off,0.0
offer,0.001582450486290561
offered,0.0
offeree,4.8683304316468077e-05
offering,0.0004427048492093927
offerings,0.0004800206069768932
offeror,0.0
offers,0.00010487584962566785
office,0.0
official,0.00011149395685880974
offline,0.0
og,0.0
oh,0.0
oi,0.0
oj,0.0
ok,0.0
ol,0.0
old,0.0
om,0.0
on,0.000978359589009305
onboarding,0.0
one,0.000633326954775579
onix,0.0
online,0.001725053745065257
only,4.9060933214850795e-05
onâ,0.0
oo,0.0
ooo,0.0
op,0.0
open,0.0
opened,0.0
operate,0.0
operates,8.028679990554497e-05
operating,0.0004005387195114318
operation,0.0
operational,9.548951973487115e-05
opportunities,0.00010736889223925669
opportunity,0.00043687423847440853
oppose,0.0
opposite,0.0
opt,0.0
optimization,0.000124628969784154
optimized,0.0001230713210133764
optinmonster,0.0
option,0.00024266710816918345
options,0.0003790550277957362
oq,0.0
or,0.002592252016310839
oral,0.00019360646692625705
orally,0.0
order,9.610889760159164e-05
org,0.000291427067391679
organic,0.00015092774066179348
organization,0.0005438058521457742
organizational,0.0
organizations,0.00024413288376483452
oriented,0.0
original,4.108057117208956e-05
originaldocumentid,0.0
originally,0.0
os,0.0
oscillator,0.0
oscillators,0.0
ot,0.0
other,0.0006074496250389191
otherwise,0.00019114751084625168
ou,0.0
out,0.0016497985018461816
outcome,0.0
outcomes,7.886115485881154e-05
outdoor,0.00019187311518841082
outline,0.0021519716514169854
outlined,0.00014917720587583747
outlines,0.00038831575853868426
outlining,0.00025137851540040054
output,7.834314550042051e-05
outputs,0.0
ov,0.0
over,0.0005196949918864039
overcoming,0.0
overlook,0.0001752354377397976
overlooked,6.433057063598767e-05
overview,0.00038501753635879205
ow,0.0
owed,0.0
own,0.0005912460535169701
owner,0.0004657309865993984
ownership,0.0005391699184276808
owns,0.0
ox,0.0
oy,0.0
oz,0.0
p0,0.0
p1,0.0
p1c,0.0
p2,0.0
p2n,0.0
p3,0.0
p4,0.0
p4c,0.0
p5,0.0
p6,0.0
p7,0.0
p8,0.0
p9,0.0
p_,2.7849006642672893e-05
pa,0.0
pack,0.00011236241576136627
package,0.00014149105347600693
packaging,0.0
packed,0.0
page,0.0003460288323729474
pages,6.210001620657957e-05
pages11,0.0
pages15,0.0
pages17,0.0
pages22,0.0
pages6,0.0
pages8,0.0
pages9,0.0
paid,0.0004244700438576656
pair,0.0
palette,0.0
pamphlets,6.341217916456965e-05
pandadoc,0.0
paperform,0.0
papers,0.0
papersign,0.0
paperwork,0.0
parameters,0.0
parenleft,0.0
parenright,0.0
parent,0.0
parsetype,0.0
part,0.00044701940774633225
particular,0.00021610252435060604
parties,0.009404182913754644
partners,0.00010815060266442206
partnership,0.0002591554768786325
parts,0.00035030582708750935
party,0.007625176437204077
partyâ,0.0
passengers,0.0
past,0.000226110206396838
patel,0.00011510743294543225
patents,0.0
path,0.00019793530467722864
patient,0.0
pay,0.0009092534930219008
paying,5.4793155836716383e-05
payment,0.0037315549515575786
payments,0.00015925531022497602
pays,0.0001862353194527977
pb,0.0
pc,0.0
pcb,0.0
pd,0.0
pdf,0.00013258696356832156
pdf11,0.0
pdf14,0.0
pdf15,0.0
pdf16,0.0
pdf17,0.0
pdf20,0.0
pdf47,0.0
pdf5,0.0
pdf6,0.0
pdf9,0.0
pdffree,0.0
pe,0.0
penalties,0.0
penalty,0.0
pens,0.0
people,0.001021994442566141
perfect,0.0003930387684332018
perform,0.00013785815396552783
performance,0.0008362796565607623
performed,0.00018932659214139996
performing,6.943429750375519e-05
period,0.00015162181404701437
periods,5.849594793693976e-05
permanent,0.0
permit,0.0
permitted,4.030530932543739e-05
person,0.001984667285808345
personal,0.00019264781295841174
personality,5.006118589387028e-05
personalization,0.0
personalized,0.0005740044741741406
personnel,0.0
persons,0.00016734526196825596
perspective,0.00014245112084222998
pf,0.0
pg,0.0
ph,0.0
phase,9.181365211791653e-05
phased,0.0
phases,0.0004706719462637171
philippine,0.0
photo,0.00017294674649796936
photographer,0.0
photography,0.0
photos,0.00039375530028433925
photoshop,0.0
phrases,0.00021568571853911243
physical,0.0002275021885067753
physics,0.0
pi,0.0
pick,0.0001908558771670503
pickup,0.0
picture,0.00014955545689475518
piece,0.0009900397836922847
pieces,9.20751475062994e-05
piezo,0.0
piezoelectric,0.0
piezoelectricity,0.0
piktochart,0.0
pillar,0.0
pin,0.0
pinterest,6.27312819992903e-05
piu,0.0
pj,0.0
pk,0.0
pl,0.0
placed,0.00024871021298141535
places,4.9402133365595943e-05
plaintiff,0.0
plan,0.0008505825989366622
planable,0.0
planner,0.0
planning,0.0002870983599091092
plans,0.0005025522026726881
plant,0.0
plastic,0.0
plate,6.842616403129606e-05
platenames,0.0
platform,0.0005155009323766839
platforms,0.0012136411832047792
play,0.0
plenty,0.00023674684545020567
plowing,0.0
plumbing,0.0
plus,6.693299452282283e-05
pm,0.00035681940998887046
pmt,0.0
pmu,0.0
pn,0.0
po,0.0
podcast,0.0
podcasts,0.0
point,0.00025094739208671597
policies,0.0
policy,0.00069006935295691
pop,0.00018150081117778092
popular,0.0003876016445283396
popups,0.0
portfolio,0.0004096058293244803
portfolios,0.0
pos,0.0
position,0.00014282249370321966
positioned,0.0
positions,0.0
positive,0.00018271400367540297
possession,0.0
possibilities,0.0003440642203644415
possible,0.0003011442451778441
post,0.0
postage,0.0
postalcode,0.0
postcard,0.00020742138307166185
postcards,0.001050895508381648
poster,0.0
posters,0.005087317879639006
posting,0.0
posts,0.0035617137298916282
pot,0.0
potential,0.000560962885169155
power,0.00014445064167481318
powerful,0.00017304840931655176
pp,0.0
ppc,0.0
pq,0.0
pr,7.229104228972613e-05
praburam,0.0
practice,0.0002979503510033848
practices,0.00013512345494733888
prd,0.0
pre,0.00011473687652796987
precedence,0.0
precedent,0.0
precise,7.448026816240208e-05
precision,0.0
preconstruction,7.890749212216528e-05
premises,0.0
premium,5.173425735624835e-05
prescribed,0.0
prescriptive,0.0002821813529261264
presence,0.0021870275658207134
presentation,0.0005683501950522512
presentations,0.0006212312361327858
presenting,0.000351511241735494
press,0.0
pressing,0.0
presumed,0.0
pretty,0.000257046842735582
prevent,0.0011545793774468253
preventing,0.0
price,0.00041786816572959867
pricing,0.00026227352374706296
primarily,0.0
principal,0.0
principle,0.0
principles,0.00021626750024738046
print,0.003034152928054853
printed,0.0015620127997276378
printing,0.00013717304972946426
prints,4.276663146779303e-05
prior,0.0
priorities,0.0
prioritize,0.0
privacy,0.00044511225958652237
private,0.0002777786679567522
pro,0.0
probably,0.00029309592914858955
problem,0.00023986848087259678
problems,0.0002102654020170001
procedures,0.0
proceedings,0.0
process,0.0016715341407343032
processes,0.0005656183169753081
procore,0.0
procure,0.0
procured,0.0
procurement,0.00028412947431070377
producer,0.0
producing,0.00010639879181786316
product,0.004664553277032668
products,0.0008918920806625364
productâ,0.0
professional,0.000551803422377207
professionalism,0.0
profile,0.0004148921234407216
profiles,0.0
profit,7.955047667150703e-05
profits,0.00021479659388124988
programming,0.00020965852837831714
progress,0.00024416790469576854
prohibited,0.0
project,0.0069372268466283
projects,0.003467525299039822
promise,0.001557718000102407
promised,0.0
promisee,0.0
promises,0.0028002129116825596
promising,0.00018724942932035567
promisor,0.0
promissory,8.50941909605329e-05
promo,7.099484924480416e-05
promote,0.003921204730273053
promoting,0.0
promotion,0.0
promotional,0.001988266671866604
promotions,0.0004980938169836685
proof,0.0
properties,0.0
property,0.0034731033953321897
proportion,0.0
proposable,0.0
proposal,0.00036648215768791563
proposed,0.00025089786386767773
proposition,0.0001480621768345732
propositions,0.00016151300653332118
proprietary,0.00011411400022034958
proprofs,0.0
pros,0.0
prospective,8.502986712178457e-05
prospects,0.00041480881513701937
protect,0.0016065018102228209
protected,0.00018237655090977252
protecting,0.00035597678329107033
protection,0.0011066593576931712
protections,0.0
protects,6.407729222068748e-05
proteus,0.0
protocols,0.0
prototype,5.3488175980917705e-05
prototypes,0.0
prove,2.9647162754521492e-05
provide,0.0007403787452281203
provided,0.0009286445467325973
provider,5.2284010062277966e-05
providers,5.32887850368475e-05
provides,0.0007834597601482601
provinces,0.0
provision,0.0003371098608631269
provisions,0.000855161969196128
prx,0.0
ps,0.0
pt,0.00015709112614279217
pty,0.0
pu,0.0
public,8.657518142281124e-05
publication,7.473393335762956e-05
publications,0.0
publish,0.0
publuu,0.0
pucu,0.0
puffery,0.0
pumping,0.0
puppy,0.0
purchase,0.0003790716095589694
purchased,4.469569523203273e-05
purchaser,0.0
purchases,0.0
purl,0.0
purple,0.0
purpose,0.0001085994911799261
purposes,0.00039809061592715615
pursuant,0.0
pursue,0.0
push,0.0
put,0.00016985878309382077
puu,0.0
pv,0.0
pvy,0.0
pw,0.0
px,0.0
py,0.0
pz,0.0
pziap7st4yrba,0.0
q0,0.0
q1,0.0
q2,0.0
q3,0.0
q4,0.0
q5,0.0
q6,0.0
q7,0.0
q8,0.0
q9,0.0
q_,0.0
qa,0.0002884603214707583
qb,0.0
qc,0.0
qd,4.505922069004978e-05
qe,0.0
qf,0.0
qg,0.0
qh,0.0
qi,0.0
qj,0.0
qk,0.0
ql,0.0
qm,0.0
qmy,0.0
qn,0.0
qo,0.0
qp,0.0
qpt,0.0
qq,0.0
qqq,0.0
qr,0.00024247465810747345
qs,0.0
qt,0.0
qu,0.0
quality,0.001007491082794305
quantity,0.00025192521786191846
quartz,0.0
quasi,0.0
question,0.00022857726360675363
questions,0.0003299156992026119
quote,0.00022079566179998447
quotedbl,0.0
quotedblleft,0.0
quotedblright,0.0
quoteright,0.0
quotesingle,0.0
québec,0.0
qv,0.0
qw,0.0
qx,0.0
qy,0.0
qz,0.0
qzo,0.0
r0,0.0
r1,0.0
r11,0.0
r127,0.0
r13,0.0
r14,0.0
r155,0.0
r157,0.0
r159,0.0
r2,0.0
r20,0.0
r28,0.0
r29,0.0
r3,0.0
r301,0.0
r379,0.0
r381,0.0
r4,0.0
r41,0.0
r413,0.0
r43,0.0
r5,0.0
r517,0.0
r519,0.0
r52,0.0
r537,0.0
r593,0.0
r595,0.0
r6,0.0
r7,0.0
r8,0.0
r9,0.0
r_,0.0
r_t,0.0
ra,0.0
raise,0.0
rammer,0.0
rank,0.0
rankings,6.003590877390824e-05
rate,1.544353842352364e-05
rates,0.0
rather,0.0
rb,0.0
rc,0.0
rd,0.0
rdf,0.0
re,0.000484941403925207
reach,0.0004081256384588773
reached,0.0
reader,0.00030508008133899365
readers,6.753445635528332e-05
ready,0.000327924074644556
real,0.0004540412288612337
realistic,0.00025599038228592426
reality,3.839609358912321e-05
really,0.0
realtor,5.411387391193714e-05
reasonable,0.0005955595671736329
reasonably,0.0
reasons,0.0002587562131969828
receipt,0.0
received,0.00015591550018140737
receives,8.329622991612749e-05
receiving,0.0002930573500833946
rechargeable,0.0
recipients,6.346756031563244e-05
recognition,0.0014151818244225326
recommend,4.0037223797260166e-05
record,0.0
recorded,0.0
red,0.0
redlining,0.0
reduce,0.0004610666161530827
reduction,0.0
refer,0.0002660825318859618
reference,0.0003426148705519546
references,1.7070761102135307e-05
referral,0.0
referred,0.00042935792967351905
refers,0.0
refine,0.00019768512789737473
refinement,0.0
reformation,0.0
refuse,0.0
refuses,0.0
regard,0.0
regarding,0.00045649303975561756
regardless,0.0
regional,0.0
regulated,0.0
regulates,0.0
regulation,1.0906167970415506e-05
regulations,0.0006487980916526412
regulator,0.0
regulatory,0.0
reimbursement,0.0
reject,5.25182222316531e-05
rejected,0.0
relatable,0.0
relates,0.0003083614531911919
relating,7.827862653153839e-05
relations,6.56194912032075e-06
relationship,0.0011658430952519315
relationships,0.0003113060127373644
relativecolorimetric,0.0
relatively,0.0
reliability,0.0
reliance,6.847143065570474e-05
relied,0.0
relief,0.0
relying,0.0001340321122474339
remaining,6.889789053372193e-05
remedies,0.0
remedy,0.00015012320717760797
remember,0.0004254193582553507
remembered,0.0
remind,6.116184335000094e-05
reminder,0.0
remodeling,0.0
remove,5.951068988318271e-05
renditionclass,0.0
renew,0.0
renewal,0.0
rent,0.0
rental,6.636536631779257e-05
renting,0.0
repair,0.0
repayment,0.0
replaced,0.0
report,7.113296200641005e-05
reports,0.00021904709786107026
repository,0.0
representations,6.15978098556496e-05
representing,0.0
republic,0.0
require,0.000496607111014788
required,0.0009480549634835911
requirement,0.001114404864325081
requirements,0.006944920573337045
requires,0.00037209697330252433
requiring,0.0
rescind,0.0
rescission,0.0
research,0.00045801584404477476
researcher,0.0
researchers,0.0
resistor,0.0
resistors,0.0
resolution,0.0007478974698756297
resolve,0.0007233439207382221
resolved,8.299098902115458e-05
resolving,0.0001337225568688196
resonate,0.0
resonates,0.0
resource,2.0442664484910412e-05
resourceevent,0.0
resourceref,6.859194823748748e-05
respect,8.32975737832165e-05
responsibilities,6.828480101162668e-05
responsibility,0.0
responsible,0.0
responsive,0.0
restaurant,0.0002707370571221093
restaurants,0.0
restitution,0.0
restrict,0.0
restricted,6.296743403806994e-05
restrictions,0.00021920458969280064
result,0.0
results,0.00017972656612921727
retail,0.0001619980118339214
retailers,0.00020188312028265572
retain,0.0
retainer,0.0
retention,0.0
return,0.0
returned,0.0
revenue,0.0
review,0.00036797078485016713
reviewer,0.0
reviewers,0.0
reviewing,0.0002700812595061774
reviews,0.0
revisions,0.0
reward,0.0
rework,0.0
rf,0.0
rg,0.0
rgb,0.0
rh,0.0
ri,0.0
rich,0.0
right,0.0005280576401197913
rights,0.0018093789292063114
rise,0.0
risk,0.00036094587878692875
risks,0.0003203979820025011
rj,0.0
rk,0.0
rl,0.0
rlk,0.0
rm,0.0
rn,0.0
ro,0.0
roadmap,0.0004341649059173147
rocket,0.0
roduct,0.0
roi,0.0
role,0.00039552893000620917
roles,0.0003134266907403941
roll,6.0054812629237154e-05
rollback,0.0
roman,0.0
rotate,0.0
rough,0.0
routine,0.0
royalties,0.0
royalty,0.0
rp,0.0
rq,0.0
rr,0.0
rrr,0.0
rs,0.0
rt,0.0
ru,0.0
rule,0.0
rules,0.00010924319932620929
running,0.0004923183291943049
rural,0.0
rv,0.0
rw,0.0
rx,0.0
ry,0.0
ryo,0.0
rz,0.0
rɕj,0.0
s0,0.0
s1,0.0
s2,0.0
s3,0.0
s4,0.0
s49e,0.0
s5,0.0
s6,0.0
s7,0.0
s8,0.0
s9,0.0
s_,0.0
sa,6.310164325538462e-05
safeguard,0.0
safety,2.2948410344491748e-05
said,8.668711917446239e-05
salary,0.00035490721985145606
sale,0.0010389149679980792
sales,0.0016277273753417393
salesforce,0.0
salesmen,6.749477687096966e-05
sample,1.1502283926689786e-05
samples,0.00014862475374511106
samsung,0.0
satisfies,0.0
savannah,0.0
saved,0.0
saves,6.230403793623643e-05
say,0.00014270887652452144
says,0.0005444801485297815
sb,0.0
sc,0.0
scalability,0.0003764737622284526
scenarios,0.00016320211430306025
schema,0.0
schematic,0.0
school,0.0
scope,0.0006307692401432664
scotland,3.557659530542578e-05
scots,0.0
scribe,0.0
scrum,0.0
sd,0.0
se,0.0
seamlessly,2.9939230206842225e-05
search,0.00025689213218344935
secrets,0.0
section,0.0020487748244147684
sections,0.0006081795799541282
sector,0.00012155714732605475
secure,0.00016617257201459817
securely,0.0
securing,9.749118296794833e-05
securities,0.0
security,0.0009032142038833933
see,0.00022023452679333617
seek,0.00020869834464602786
seeking,0.0
segments,0.0
selection,0.0
self,0.00023761583505158983
sell,0.0006037616811168265
seller,0.0008937538866984342
sellers,0.00019217330896759
selling,0.0002097047147540843
semibold,0.0
semicolon,0.0
send,0.00012122305313050975
sender,0.0
sending,0.0007524255053926434
sensed,0.0
sensitive,0.0
sensor,0.0
sensors,0.0
sent,0.00020319739148243196
sentences,0.0
seo,0.00035837086492480083
september,0.00015906510602917704
seq,0.0
serhii,0.0
served,0.0
serves,7.999381624250515e-05
service,0.0015885523485898005
services,0.002730697442940956
set,0.00019628232273530112
sets,0.00017882502786308656
settings,0.00019307196641640375
settlement,0.0
seven,0.00017423220556723912
severability,0.0
sf,0.0
sg,0.0
sh,3.870870945962847e-05
shall,0.00016814092775199204
shapes,0.0
share,0.0005621830473541424
shareable,0.0
shareholder,0.0
shareholders,0.0
shares,8.502703710609734e-05
sharing,7.601928245872938e-05
sheet,0.0004105788382074266
sheets,0.0
shelf,0.00010139924304286006
shelves,0.0
shine,0.00012521647214168972
shiny,0.0
shipping,0.0003330791672515193
shirts,0.0001579560953679927
shoe,0.0
shoppers,0.00016290343131009207
shopping,0.00016059183030442647
shops,6.363379514499594e-05
short,0.00034093673137895747
should,0.0010367218765247046
showcase,0.0007277197240772064
showcases,0.0
showcasing,0.0
showing,5.289839100727352e-05
shows,0.00037790762149359213
si,7.703731672056495e-05
sided,7.342451721680283e-05
sign,0.0005626302682071425
signable,0.0
signage,0.0007401685933513153
signal,0.0
signatories,0.0
signatory,0.0
signature,0.0013125051308158764
signaturely,0.0
signatures,0.0020434865896592157
signed,0.0
signers,0.0
significance,0.0
significant,8.456761875347952e-05
signing,0.0007189285993538915
signs,0.00016868193854103464
signwell,0.0
similar,0.0001284747271638859
similarly,0.0001311563436988938
simple,0.0008171131983721777
simulate,0.0
simulation,0.0
simulators,0.0
since,0.0001336884372302854
singapore,0.0
single,3.6529510333271426e-05
sit,0.00013291662465974397
situation,0.0007966191473162924
situations,0.0005601025296833495
size,0.0
sizes,7.165310938419379e-05
sj,0.0
sk,0.0
sl,0.0
slash,0.0
slide,0.0
slides,0.0
sm,0.0
small,0.0023736949855133853
smaller,0.0
sn,0.0
snow,0.0
so,0.000621070479408876
social,0.004140093767121537
software,0.001558547903570592
softwareagent,0.0
soil,0.0
soils,6.587418843270939e-05
sold,0.0
soldering,0.0
sole,0.0
solution,0.0001808724624068478
solutions,0.0003094226633882948
solve,5.68326255111508e-05
solving,0.0
some,0.0003690397869370447
someone,0.0003484254370539597
something,0.0004047075518319926
sometimes,0.00043129264599422995
source,0.0002693217361898049
sources,0.00022783550355854817
sourcing,0.00014478189492000374
south,2.3395115174136374e-05
sp,0.0
space,7.20096423199663e-05
speak,0.0
spec,0.003588617670104421
special,0.0004417911336945061
specialist,0.0
specialists,0.0
specific,0.0006089805744882438
specification,0.006769600645490139
specifications,0.013639580725930751
specifics,0.0
specified,0.0
specifiers,7.40764190066162e-05
specifies,0.0
specify,0.0
specifying,1.3449686962687464e-06
specs,0.0008163350036738676
speed,3.9824351431990974e-05
spice,0.0
spoken,0.0
spread,4.390733083782281e-05
sprint,0.0
sq,0.0
squarespace,0.0
sr,0.0
srinivasan,0.0
srs,0.0
ss,0.0
ssi,0.0
st,0.0
stability,0.0
stable,0.0
stack,0.0001026511887261114
stage,0.0003709088153448354
stakeholder,0.00015543839181503223
stakeholders,0.0014457561408167572
stand,0.0011675316871753785
standard,0.00023594531629007255
standards,0.002582369470606961
standing,0.0
stands,9.077141835606656e-05
started,0.00023443978432729167
startupprofile,0.0
state,0.0005076613580632816
stated,0.0
statement,0.0002627983547943585
statements,0.0
states,0.0
stating,0.0
station,0.0
stationery,1.7014576998201578e-05
status,0.0
statute,0.0
statutes,0.0
statutory,3.721269609631522e-05
stay,0.0005182880419566194
stc,0.00010518722149138266
stdim,0.0
stemv,0.0
step,0.0012043984124689717
steps,0.0003309816073570188
stevt,0.0
stick,0.0004125848207875095
stickers,0.0014076785924921425
still,0.00025469542497300876
stock,0.0002280129390384405
storage,7.879089855870171e-05
store,0.0002898515249935632
stored,3.2977873819702156e-05
stores,0.0
stories,3.8424700311618005e-05
story,0.0009321351914194158
storytelling,0.0001302820259235409
strategic,0.00013806408910166195
strategically,0.0
strategies,0.000606493527569707
strategy,0.003177366264911657
stream,0.0
streaming,0.0
streetaddress,0.0
stref,0.0
strengthen,0.00014301535656957934
strict,0.0
string,0.0
strip,0.0
strong,0.00031099689609393805
stronger,0.0
structural,9.447804446775055e-05
structure,0.00023406312736180894
structured,0.00032266851487167266
structures,0.0002949719457551961
student,0.0
students,0.0
studies,7.435854236489324e-05
studio,0.0
studios,0.0
study,0.00015097898369021556
studying,0.0001443436954610469
stuff,0.0
stunning,0.0
stx,0.0
style,0.0006279497612660694
stype,0.0
su,0.0
sub,0.0
subcontractors,8.668679543530634e-05
subject,0.0002869967650609008
sublease,0.00023831461471160285
submissions,0.0001214726451836032
submit,0.0
submittals,0.0
subscribe,0.0001074141778406487
subscribers,3.518635737424135e-05
subsections,7.02391077434569e-05
subsoil,0.0
substantial,0.0
substantially,0.0
subtype,0.0
success,0.0004232591854843695
successful,0.00043645664419912503
such,0.00042074757336707844
sue,0.00012448967591745483
sued,0.0
suffered,0.0
sufficient,0.0
sufficiently,0.0
suh,0.0
summary,0.0002078984371574549
summer,0.00028874151528957513
sun,0.0009190250460339648
super,0.0
supersedes,0.0
supplier,0.0004462928120279653
supply,0.0002538029066104582
support,0.0008117333257272821
supported,0.0
supreme,0.0005141987804660461
sure,0.000975226778405781
surprise,0.0
sustainability,0.00015337773215053476
sustainable,0.0
sv,0.0
sw,0.0
swag,0.0
swatchgroups,0.0
swatchname,0.0
swiss,0.0
switch,0.0
swop,0.0
sx,0.0
sy,0.0
symbolmt,0.0
symbols,0.0
synovus,0.0
syntax,0.0
system,0.0017376247656164933
systems,0.0006420357583498844
sz,0.0
szl,4.839360129049603e-05
t0,0.0
t1,0.0
t2,0.0
t3,0.0
t3o5,0.0
t4,5.581785718910509e-05
t4s,0.0
t5,0.0
t6,0.0
t7,0.0
t8,0.0
t9,0.0
t_,0.0
ta,0.0
table,0.0002446042316740376
tables,0.0
tablet,0.0
tactic,0.0
tactics,0.00016829691766514818
tactile,0.00010589563569824933
tagline,5.908852406321057e-05
tags,0.0
take,0.0003496223615289901
taking,0.0
target,0.0017824319260539472
targeted,7.438930341997289e-05
targeting,0.0
tariffs,0.0
task,0.00019284674987950885
tasks,0.0
tax,0.00019944120558769286
taxes,0.0
tb,0.0
tc,0.0
td,0.0
tdd,0.0
tdp,0.0
te,0.0
team,0.0024102779229283246
teams,0.00041259589150730827
tech,0.0004990003089349974
technical,0.005038511794064951
technique,0.0
techniques,0.0001484354760190529
technologies,6.089653228080069e-05
tell,0.0004894036984060628
tells,0.0
template,0.0005876611693614764
templates,0.0006351930536726356
templates10,0.0
templates11,0.0
templates13,0.0
templates19,0.0
templates20,0.0
templates21,0.0
templates27,0.0
templates7,0.0
templates8,0.0
templates9,0.00020313656510418938
templatesphotography,0.0
temporary,0.0
tenant,0.0
tenants,0.0
tends,0.0
term,7.07012677030896e-05
terminals,0.0
terminate,0.0
terminated,0.00024412842918324158
terminating,0.0
termination,0.0011950458247424179
terminology,0.0
terms,0.007875491119012184
termsfeed,0.0
territories,0.0
test,0.0004002994093539353
testable,8.325771124992296e-05
testimonial,0.0
testimonials,0.00016256328110769876
testing,0.0008531852697636448
tests,6.843999969304209e-05
texas,0.00040024241990344327
text,0.00037649909908946984
texture,0.0
tf,0.0
tg,0.0
th,0.0
thank,0.00014498440694768586
that,0.000682671803376179
the,0.002744038879339185
their,0.0009206616060510325
them,0.0012335405979243621
theme,0.0
themed,0.0
then,0.000162011830843164
theory,0.0
therapy,0.0
there,0.0017377627387813802
these,0.0005897899554296016
they,0.0006970071037156867
theyâ,0.0
thing,0.0
think,0.0012851303926627122
thinking,0.0
thinks,8.192895310682115e-05
third,0.00014753751732646554
this,0.0016458611273959855
thorough,0.0
though,0.0002521033850707266
thought,3.403522695749206e-05
threat,0.0
through,0.000323815272842031
thus,0.00011529434543822784
ti,0.0
tiff,0.0
tiktok,0.0
time,0.0007078934525500622
timeline,0.0005649340779201008
timelines,0.0
timesnewroman,0.0
timesnewromanps,0.0
timesnewromanpsmt,0.0
timing,0.0
tip,0.0
tips,0.0
tj,0.0
tjn,0.0
tk,0.0
tk8n,0.0
tl,0.0
tlj,0.0
tlp1a,0.0
tls,0.0
tm,0.0
tmt,0.0
tn,0.0
to,0.0016467690990675436
today,0.00012727031271030765
tofu,0.0
told,0.0
ton,0.0
tone,9.490273354565058e-05
too,0.0006623500843904031
tool,0.0009610262650782886
tools,0.000493683717340296
top,0.0009232684463742679
topic,0.0
topics,0.000224794533586602
tort,0.0
touch,0.00045941605555961255
tounicode,0.0
tp,0.0
tq,0.0
tr,0.0
trace,0.0
traces,0.0
tracker,0.0
traction,0.00010630232837388585
trade,0.00032587579747334424
trademarks,0.0
trading,9.408684624982105e-05
tradition,6.970879111506505e-05
traditional,0.0
traffic,0.0007690658231679974
training,0.00028655672484008014
transaction,0.0010059172312425976
transactions,0.001681405006706389
transfer,0.0
transfers,0.0
transistor,0.00016438794934361725
transistors,0.0
translate,0.0003564032026145364
transport,4.05372363471017e-05
transportation,0.0
treasure,0.0
treat,0.00011988711746989992
treated,0.0
treatment,0.0
trends,0.00012675043976326407
tribunal,0.0
trick,0.0
trimbox,0.0
truetype,0.0
trust,0.0
truth,0.00022375389276429032
trying,4.1876878118710867e-05
ts,0.0
tsd,0.0
tt,0.0
tu,0.0
turning,0.0002569364916721089
tv,0.0
tw,0.0
twitter,0.0
two,0.001862383478141623
tx,0.0
ty,0.0
type,0.0005378625050994195
type0,0.0
type1,0.0
type1c,0.0
types,0.0008247150940071128
typically,0.0
tz,0.0
tȇ,0.0
tޓ,0.0
u0,0.0
u1,0.0
u2,0.0
u3,0.0
u4,0.0
u4w,0.0
u5,0.0
u6,9.473980003531401e-05
u7,0.0
u8,0.0
u9,0.0
u_,0.0
ua,0.0
ub,0.0
uc,0.0
ucc,0.0
ud,0.0
ue,0.0
uf,0.0
ug,0.0
uh,0.0
uhp,0.0
ui,3.1697873978309596e-05
uj,0.0
uk,8.269598682545957e-05
ul,0.0
um,0.0
un,0.0
unable,0.0
unambiguous,0.0
uncertain,0.0
uncertainty,0.0
unconscionability,0.0
unconscionable,0.0
unconstitutional,0.0
under,0.001975956907639507
understand,0.0007246246844061233
understanding,0.0008392230457528623
understandings,5.749447450931439e-05
undue,0.0
unenforceable,0.0003202640044472988
unfair,5.262140213247894e-05
unfairly,0.0
uniclass,0.0
unidroit,0.0
uniform,3.6433842991934757e-05
unilateral,0.0
unique,0.0001962688000741266
unit,0.00014825128391498466
united,0.0001267928072475395
university,8.848888216608684e-05
unjust,0.0
unjustly,0.0
unless,0.0002090687684596253
unreasonable,0.0
until,0.0
uo,0.0
up,0.0016683732155279214
upcoming,0.00010924402987489794
upcounsel,0.0
update,0.0
updates,0.0
upheld,3.7691033534393946e-05
uphold,0.0001304308073867757
upon,0.00020308991705154906
upr,0.0
upstatenyresources,0.0
uq,0.0
ur,0.0
url,0.0
urr,0.0
us,0.00021765542983093989
usability,0.0
usage,0.0
usb,0.0
use,0.0009571760778659383
used,0.0008354282855545068
useplus,0.0
user,0.0012367130333342947
uses,7.728361872479687e-05
usually,0.0005026273672280471
ut,0.0
utilities,0.000122376234284276
utilize,0.0
utilized,0.0
utilizing,0.0
utsa,0.0
utw,0.0
uu,0.0
uuid,0.0
uuu,0.0
uv,0.0
uw,0.0
ux,0.0
uy,0.0
uz,0.0
uɡ,0.0
uκ,0.0
v0,7.159401502137166e-05
v1,0.0
v2,0.0
v3,0.0
v4,0.0
v5,0.0
v5ժ,0.0
v6,0.0
v7,0.0
v8,0.0
v9,0.0
v_,0.0
va,0.0
valid,0.0010115029734622228
validate,0.0
validation,0.0
validity,0.0
valuable,0.00045900112472677096
value,0.00034933263343508346
values,0.00012326229973575202
valve,6.312656877038462e-05
variation,0.0
varies,0.0
variety,0.0004408614415660847
vary,0.0
vb,0.0
vc,0.0
vd,0.0
ve,0.0005188147909811513
vehicle,0.00014904513257238348
vendor,0.00012665890390643284
venngage,0.0
venture,0.0
venue,0.0
verbal,0.00019084572326756737
verbally,0.0002407169432098051
verdana,0.00011106540518305221
verification,0.00016572439048658349
vermont,0.0
versatile,0.0
versatility,0.0
version,0.00012842898515582943
vertical,0.0
very,0.000364645783574097
vf,0.0
vg,0.0
vh,0.0
vhi,0.0
vhk,0.0
vi,0.0
video,0.0003950409671578023
videos,0.0004675548645364222
viewers,0.00043028906046826965
vinyl,0.0004304889045751637
violate,0.0
violation,0.0
violations,0.0
visibility,0.000530049585669046
vision,3.031704650576092e-05
visionary,0.0
visit,0.0014245189051343532
visiting,0.00021604950242511662
visitors,0.0
visme,0.0
vistaprint,0.0002646542698272493
visual,0.00011168935148118494
visually,0.0007324430150042666
visuals,0.0002103436069018282
vivid,7.645612765400475e-05
vj,0.0
vk,1.8776718403141494e-05
vl,0.0
vm,0.0
vn,0.0
vo,0.0
voice,0.0
void,0.0007353255219061074
voidable,0.0
voided,0.0
volt,0.0
voltage,0.0
voltages,0.0
voluntarily,0.0
vp,0.0
vq,0.0
vr,0.0
vs,0.00022856488597414973
vt,0.0
vu,0.0
vv,0.0
vw,0.0
vx,0.0
vy,0.0
vz,0.0
vˢղh,0.0
w0,0.0
w0x,0.0
w1,0.0
w2,0.0
w3,0.0
w4,0.0
w5,0.0
w5m0mpcehihzreszntczkc9d,0.0
w6,0.0
w6ɕmre,0.0
w7,0.0
w8,0.0
w9,8.403113236744308e-05
w_,0.0
wa,0.00011145554535088364
waiting,0.0
waiver,0.00015500371363063903
wales,0.0
walks,0.0
want,0.0005044839297079911
wanting,0.0
waqf,0.0
warranties,0.00046234721141071966
warranty,0.0
was,0.0002807257577809159
watching,0.00022933098500273964
way,0.0023109580287936017
ways,0.0
wb,0.0
wc,0.0
wd,0.0
we,0.0006808159029691535
wear,0.0002356372907450135
web,0.00030082919747573814
webinars,0.00012430687032619593
website,0.0019048722311770054
websites,0.0010533131723738298
wedding,0.0
weighing,0.0
weight,7.73759461732548e-05
welcome,0.0
well,0.0006975934086291535
wf,0.0
wg,0.0
wh,0.0
what,0.0009640431288520733
when,0.00032892448826191026
whenever,0.0
where,0.00029345533427659574
whereby,0.0
wherein,0.00012385921453244526
whether,0.001140621894313529
which,0.0007682608867664006
while,0.0002987020817619064
whilst,0.0
white,0.0
whitepapers,0.0
who,0.00023878364479886245
wholesale,0.0
whose,0.0
why,0.0005323231402953565
wi,0.0
width,9.042047101830776e-05
widths,0.0
will,0.001121628356199608
willing,0.0
willingness,0.0
wills,0.0
winansiencoding,0.0
windows,0.0
wir,0.0
wire,0.0
wireframes,0.0
with,0.0015231002189630416
within,5.041028369787434e-05
without,0.0006331290112525416
wj,0.0
wk,0.0
wl,0.0
wm,0.0
wn,0.0
wo,0.0
word,0.00018694301520172032
word10,0.00010561742184520338
word14,0.0
word16,3.824735057415293e-05
word5,6.695432227347124e-05
word6,0.0
word9,0.00012301014114705672
worded,6.031212251810394e-05
wordfree,4.0760323977650144e-05
words,0.00016227017780088394
work,0.0014096101983852609
worker,0.0
workers,0.0
workflow,9.26438267147057e-05
workflows,0.00014178468717534703
working,0.00031415087266914454
workshop,2.3423325927670614e-05
workshops,0.0
workspace,0.0
world,5.020896355040856e-05
worth,0.0
worthy,0.0
would,0.00048060519260351847
wow,0.0
wp,0.0
wpk,0.0
wq,0.0
wr,0.0
write,0.0014328301720527357
writers,0.00038756494282999893
writing,0.0034677306875430737
written,0.0018579680957751129
wrongful,0.0
wry,0.0
ws,0.0
wsy7,0.0
wt,6.387237856159098e-05
wu,8.886450905101482e-05
wv,0.00010800088163985016
wvv,0.0
ww,0.0
www,0.0
wx,0.0
wy,0.0
wz,0.0
wʥ,0.0
x0,0.0
x1,0.0
x2,0.0
x3,0.0
x4,0.0
x5,0.0
x6,0.0
x7,0.0
x8,0.0
x9,0.0
x_,0.0
xa,0.0
xac,0.0
xap,0.0
xara,0.0
xb,0.0
xc,0.0
xd,0.0
xdc,0.0
xe,0.0
xf,0.0
xfb,0.0
xfi2,0.0
xg,0.0
xh,0.0
xheight,0.0
xi,0.0
xj,0.0
xk,0.0
xl,0.0
xm,0.0
xml,0.0
xmlns,0.0
xmp,0.0
xmpg,0.0
xmpmeta,0.0
xmpmm,0.0
xmprights,0.0
xmptk,0.0
xmptpg,0.0
xn,0.0
xo,0.0
xobject,0.0
xp,0.0
xpacket,0.0
xq,0.0
xqŋ,0.0
xr,0.0
xs,0.0
xt,0.0
xu,0.0
xur,0.0
xv,0.0
xw,0.0
xx,0.0
xy,6.802100670252595e-05
xz,0.0
xzn,0.0
xë5,0.0
xï5,0.0
xԋe,0.0
xۃ,0.0
y0,0.0
y1,0.0
y2,0.0
y3,0.0
y4,0.0
y5,0.0
y6,0.0
y7,0.0
y8,0.0
y9,0.0
y_,0.0
ya,0.0
yard,0.0
yb,0.0
ybf,0.0
yc,0.0
yd,0.0
ye,0.0
year,7.331771937457762e-05
yet,7.78231795256607e-05
yf,0.0
yg,7.25535465289048e-05
yh,0.0
yi,0.0
yj,0.0
yk,0.0
yl,0.0
ym,7.498444503198857e-05
yn,0.0
yo,0.0
you,0.0014176048917261446
your,0.0027173157998091127
youtube,3.791712269486332e-05
youâ,3.8079657001015447e-05
yp,0.0
yq,0.0
yr,0.0
yrq,0.0
ys,0.0
yt,0.0
yu,0.0
yv,0.0
yw,0.0
yx,0.0
yy,0.0
yz,0.0
z0,0.0
z1,0.0
z2,0.0
z3,0.0
z4,0.0
z5,0.0
z5ԫ,0.0
z6,0.0
z6h٠e,0.0
z7,0.0
z8,0.0
z9,0.0
z_,0.0
za,3.371165745673546e-05
zak,0.0
zb,0.0
zbj,0.0
zc,0.0
zcc,0.0
zd,0.0
zdp,0.0
ze,0.0
zegal,0.0
zf,0.0
zg,0.0
zh,0.0
zhsunyco,6.707183961337712e-05
zi,0.0
ziflow,0.0
zinfi,0.0
zj,0.0
zk,0.0
zl,0.0
zm,0.0
zn,0.0
zo,0.0
zp,0.0
zq,0.0
zqъ,0.0
zr,0.0
zs,0.0
zsњ,0.0
zt,0.0
zu,0.0
zv,0.0
zw,0.0
zx,0.0
zy,0.0
zyr,0.0
zz,0.0
zzz,0.0
âj,0.0
èz,0.0
ó1,0.0
āw,0.0
ģn,0.0
ŀy,0.0
œq,0.0
śx,0.0
ūe,0.0
ƽøw,0.0
ǝh,0.0
ȶp,0.0
ɀl2,0.0
ɠi,0.0
ɭlr,0.0
ʨwf,0.0
ʷh,0.0
μ9,0.0
пb,0.0
сc,0.0
ћb,0.0
ѱg,0.0
ӧo,0.0
ӹ8,0.0
ԋ4,0.0
ԯj,0.0
իw,0.0
ցv,0.0
ؠb,0.0
آb,0.0
ؤb,0.0
كf,0.0
ٳg,0.0
ڡh,0.0
ڵk,0.0
۸1,0.0
ܖp,0.0
ݤr7,0.0
ݨa7jѝ,0.0
ݺu,0.0
吖cz,0.0
